代码,名称
831039,国义招标
688585,上纬新材
300778,新城市
301217,铜冠铜箔
300371,汇中股份
688529,豪森智能
301378,通达海
300860,锋尚文化
688528,秦川物联
301120,新特电气
301257,普蕊斯
300049,福瑞股份
688202,美迪西
301261,恒工精密
301389,隆扬电子
300779,惠城环保
300159,*ST新研
300364,中文在线
688456,有研粉材
300522,世名科技
002356,赫美集团
603778,国晟科技
002640,跨境通
000607,华媒控股
600236,桂冠电力
000987,越秀资本
002121,科陆电子
001203,大中矿业
000514,渝 开 发
601519,大智慧
000655,金岭矿业
600744,华银电力
000010,美丽生态
600962,国投中鲁
605500,森林包装
605122,四方新材
600530,交大昂立
600148,长春一东
600571,信雅达
603093,南华期货
603081,大丰实业
603801,志邦家居
002269,美邦服饰
603726,朗迪集团
002212,天融信
000989,九芝堂
000892,欢瑞世纪
605058,澳弘电子
000819,岳阳兴长
600475,华光环能
002342,巨力索具
600353,旭光电子
002636,金安国纪
003015,日久光电
605018,长华集团
002951,金时科技
605162,新中港
600537,亿晶光电
002218,拓日新能
002295,精艺股份
002520,日发精机
600821,金开新能
000720,新能泰山
600518,康美药业
603256,宏和科技
603716,塞力医疗
301006,迈拓股份
301260,格力博
605136,丽人丽妆
000590,启迪药业
000679,大连友谊
301586,佳力奇
301359,东南电子
301658,首航新能
300991,创益通
600446,金证股份
688084,晶品特装
834062,科润智控
301295,美硕科技
301386,未来电器
301529,福赛科技
873122,中纺标
002562,兄弟科技
603127,昭衍新药
688059,华锐精密
600276,恒瑞医药
603185,弘元绿能
603683,晶华新材
600095,湘财股份
300052,ST中青宝
603458,勘设股份
002384,东山精密
603800,洪田股份
603151,XD邦基科
603011,合锻智能
301419,阿莱德
835892,中科美菱
301010,晶雪节能
300291,百纳千成
300512,中亚股份
603590,康辰药业
603533,掌阅科技
002042,华孚时尚
833427,华维设计
301079,邵阳液压
002299,圣农发展
002036,联创电子
002987,京北方
688073,毕得医药
300537,广信材料
300875,捷强装备
301183,东田微
300374,中铁装配
600523,贵航股份
300010,豆神教育
688068,热景生物
301526,国际复材
600610,中毅达
002315,焦点科技
300833,浩洋股份
301234,五洲医疗
300939,秋田微
301208,中亦科技
600927,永安期货
871753,天纺标
000151,中成股份
601778,晶科科技
300279,和晶科技
300987,川网传媒
002735,王子新材
300677,英科医疗
001267,汇绿生态
600592,龙溪股份
301314,科瑞思
000988,华工科技
836892,广咨国际
002896,中大力德
300378,鼎捷数智
605333,沪光股份
688686,奥普特
002927,泰永长征
301287,康力源
000541,佛山照明
603655,朗博科技
002485,ST雪发
600289,ST信通
600777,*ST新潮
300548,长芯博创
000691,*ST亚太
300879,大叶股份
603389,*ST亚振
002289,*ST宇顺
301388,欣灵电气
301150,中一科技
002305,*ST南置
603220,中贝通信
688091,上海谊众
301106,骏成科技
002792,通宇通讯
603007,*ST花王
301317,鑫磊股份
603636,南威软件
002609,捷顺科技
603767,中马传动
688293,奥浦迈
002971,和远气体
300004,南风股份
688621,阳光诺和
605277,新亚电子
600396,华电辽能
002848,*ST高斯
688639,华恒生物
688579,山大地纬
300248,新开普
002602,ST华通
688360,德马科技
600360,*ST华微
300488,恒锋工具
300528,幸福蓝海
833873,中设咨询
600318,新力金融
301052,果麦文化
688039,当虹科技
002512,达华智能
688070,纵横股份
300703,创源股份
301193,家联科技
301489,思泉新材
002201,九鼎新材
000753,漳州发展
002259,升达林业
002779,中坚科技
300147,ST香雪
601187,厦门银行
003040,楚天龙
688048,长光华芯
301025,读客文化
603466,风语筑
301176,逸豪新材
603350,安乃达
600265,ST景谷
000983,山西焦煤
301479,弘景光电
002961,瑞达期货
688776,国光电气
300982,苏文电能
301038,深水规院
002623,亚玛顿
300084,海默科技
603976,正川股份
600805,悦达投资
688309,恒誉环保
000851,*ST高鸿
300790,宇瞳光学
002683,广东宏大
002343,慈文传媒
688228,开普云
000652,泰达股份
002622,皓宸医疗
300445,康斯特
002423,中粮资本
603618,杭电股份
688037,芯源微
000026,飞亚达
002908,德生科技
300072,海新能科
603598,引力传媒
603486,科沃斯
002104,恒宝股份
002990,盛视科技
002233,塔牌集团
603211,晋拓股份
605016,百龙创园
000723,美锦能源
000532,华金资本
300938,信测标准
300781,因赛集团
603848,好太太
002657,中科金财
300949,奥雅股份
002905,金逸影视
300387,富邦科技
300624,万兴科技
688046,药康生物
600802,福建水泥
002374,中锐股份
000617,中油资本
688718,唯赛勃
603116,红蜻蜓
002180,纳思达
688339,亿华通-U
688151,华强科技
601886,江河集团
603086,先达股份
002382,蓝帆医疗
300472,*ST新元
601077,渝农商行
301345,涛涛车业
002714,牧原股份
300421,力星股份
605338,巴比食品
600052,东望时代
000565,渝三峡Ａ
300649,杭州园林
000995,皇台酒业
000816,智慧农业
002721,金一文化
002633,申科股份
300558,贝达药业
002922,伊戈尔
300603,立昂技术
000697,ST炼石
920128,胜业电气
605336,帅丰电器
688708,佳驰科技
301123,奕东电子
832982,锦波生物
688799,华纳药厂
002067,景兴纸业
301171,易点天下
300997,欢乐家
605169,洪通燃气
300048,合康新能
002839,张家港行
605286,同力日升
002797,第一创业
688336,三生国健
300826,测绘股份
301459,丰茂股份
603129,春风动力
920002,万达轴承
688553,汇宇制药-W
605186,健麾信息
002943,宇晶股份
600267,海正药业
301365,矩阵股份
301182,凯旺科技
832802,保丽洁
002866,传艺科技
603559,ST通脉
301333,诺思格
301617,博苑股份
600790,轻纺城
300471,厚普股份
688388,嘉元科技
300675,建科院
300750,宁德时代
301004,嘉益股份
301139,元道通信
300500,启迪设计
300795,米奥会展
603103,横店影视
688370,丛麟科技
600556,天下秀
002718,友邦吊顶
301392,汇成真空
000563,陕国投Ａ
836208,青矩技术
300105,龙源技术
002755,奥赛康
300977,深圳瑞捷
603682,锦和商管
688312,燕麦科技
000601,韶能股份
000014,沙河股份
688662,富信科技
000838,财信发展
601116,三江购物
600517,国网英大
688787,海天瑞声
301520,万邦医药
600208,衢州发展
002284,亚太股份
002967,广电计量
300967,晓鸣股份
600315,上海家化
300763,锦浪科技
600463,空港股份
300448,浩云科技
002048,宁波华翔
603373,安邦护卫
301413,安培龙
301502,华阳智能
300648,星云股份
000672,上峰水泥
603390,通达电气
600120,浙江东方
300962,中金辐照
603813,*ST原尚
301270,汉仪股份
688306,均普智能
603062,麦加芯彩
000429,粤高速Ａ
600735,新华锦
600183,生益科技
603936,博敏电子
688266,泽璟制药-U
688069,德林海
301058,中粮科工
600990,四创电子
688611,杭州柯林
002649,博彦科技
603535,嘉诚国际
300133,华策影视
000526,学大教育
605028,世茂能源
430510,丰光精密
301286,侨源股份
301102,兆讯传媒
834021,流金科技
600794,保税科技
002052,同洲电子
600246,万通发展
300605,恒锋信息
601126,四方股份
002893,京能热力
688013,天臣医疗
600390,五矿资本
873169,七丰精工
300996,普联软件
688489,三未信安
603808,歌力思
688191,智洋创新
301551,无线传媒
000719,中原传媒
002238,天威视讯
601003,柳钢股份
688646,ST逸飞
002565,顺灏股份
001227,兰州银行
001282,三联锻造
301167,建研设计
688282,理工导航
688531,日联科技
600476,湘邮科技
603159,上海亚虹
002667,威领股份
300746,汉嘉设计
300027,华谊兄弟
002555,三七互娱
000729,燕京啤酒
601098,中南传媒
301516,中远通
002661,克明食品
600830,香溢融通
600221,海航控股
603202,XD天有为
600435,北方导航
601860,紫金银行
603106,恒银科技
688583,思看科技
301002,崧盛股份
300844,山水比德
600715,文投控股
603699,纽威股份
688232,新点软件
600977,中国电影
603895,天永智能
600022,山东钢铁
603616,韩建河山
003037,三和管桩
300559,佳发教育
300393,中来股份
002112,三变科技
002753,永东股份
601997,贵阳银行
603803,瑞斯康达
002656,*ST摩登
000910,大亚圣象
002395,双象股份
605296,神农集团
600967,内蒙一机
300989,蕾奥规划
300973,立高食品
000059,华锦股份
300347,泰格医药
839729,永顺生物
002628,成都路桥
300972,万辰集团
002807,江阴银行
002867,周大生
300581,晨曦航空
301157,华塑科技
301066,万事利
300264,佳创视讯
300418,昆仑万维
300761,立华股份
301197,工大科雅
601800,中国交建
002511,中顺洁柔
601528,瑞丰银行
301189,奥尼电子
000042,中洲控股
301330,熵基科技
600638,新黄浦
002095,生 意 宝
300930,屹通新材
002515,金字火腿
603833,欧派家居
600728,佳都科技
301122,采纳股份
002326,永太科技
300687,赛意信息
300376,ST易事特
688592,DR司南导
600486,扬农化工
002474,榕基软件
301558,三态股份
688136,科兴制药
002438,江苏神通
301019,宁波色母
002852,道道全
301067,显盈科技
600012,皖通高速
300498,温氏股份
300463,迈克生物
002847,盐津铺子
603990,麦迪科技
300864,南大环境
870204,沪江材料
000929,*ST兰黄
833455,汇隆活塞
688600,皖仪科技
300601,康泰生物
600644,乐山电力
300394,天孚通信
300141,和顺电气
002530,金财互联
300426,华智数媒
001236,弘业期货
920060,万源通
300902,国安达
002592,ST八菱
001387,雪祺电气
603221,爱丽家居
688171,纬德信息
688633,星球石墨
300327,中颖电子
301361,众智科技
300662,科锐国际
300935,盈建科
600333,长春燃气
002936,郑州银行
002099,海翔药业
603859,能科科技
603679,华体科技
603529,爱玛科技
300564,筑博设计
688573,信宇人
301103,何氏眼科
002361,神剑股份
002572,索菲亚
001896,豫能控股
300494,盛天网络
603112,华翔股份
601949,中国出版
301248,杰创智能
605305,中际联合
600894,广日股份
001268,联合精密
600415,小商品城
300199,翰宇药业
000089,深圳机场
301262,海看股份
300632,光莆股份
600928,西安银行
300946,恒而达
300785,值得买
003031,中瓷电子
301237,和顺科技
002227,奥 特 迅
688596,正帆科技
002470,金正大
605118,力鼎光电
603203,快克智能
688775,影石创新
000951,中国重汽
002768,国恩股份
600499,科达制造
002431,棕榈股份
688617,惠泰医疗
002976,瑞玛精密
688382,益方生物-U
300642,透景生命
300579,数字认证
600280,中央商场
300588,熙菱信息
002988,豪美新材
000955,欣龙控股
301335,天元宠物
300182,捷成股份
301192,泰祥股份
600020,中原高速
605287,德才股份
688238,和元生物
301213,观想科技
603608,天创时尚
603816,顾家家居
603629,利通电子
603198,迎驾贡酒
300913,兆龙互连
688153,唯捷创芯
601916,浙商银行
600545,卓郎智能
601928,XD凤凰传
301227,森鹰窗业
920019,铜冠矿建
002103,广博股份
300840,酷特智能
002857,三晖电气
301539,宏鑫科技
600897,厦门空港
301282,金禄电子
301299,卓创资讯
600107,ST尔雅
603881,数据港
002856,美芝股份
601577,长沙银行
300388,节能国祯
300910,瑞丰新材
300235,方直科技
002569,*ST步森
001389,广合科技
300985,致远新能
430556,雅达股份
000757,浩物股份
832651,天罡股份
600533,栖霞建设
000525,红太阳
603000,人民网
836149,旭杰科技
301115,联检科技
300335,迪森股份
603191,望变电气
688235,百济神州-U
301488,豪恩汽电
300542,新晨科技
605499,东鹏饮料
300304,云意电气
002885,京泉华
600266,城建发展
605128,上海沿浦
300281,金明精机
603551,奥普科技
002553,南方精工
601177,杭齿前进
301215,中汽股份
000802,北京文化
003018,金富科技
600801,华新水泥
002921,联诚精密
001211,双枪科技
301372,科净源
300197,节能铁汉
603214,爱婴室
600908,无锡银行
601900,南方传媒
603861,白云电器
300237,美晨科技
603323,苏农银行
301060,兰卫医学
688626,翔宇医疗
600941,中国移动
600858,银座股份
603868,飞科电器
300921,南凌科技
002081,金 螳 螂
600073,光明肉业
300190,维尔利
300148,天舟文化
300295,三六五网
002865,钧达股份
601968,宝钢包装
600057,厦门象屿
601921,浙版传媒
688296,和达科技
002568,百润股份
002410,广联达
600816,建元信托
300788,中信出版
002655,共达电声
600667,太极实业
000531,穗恒运Ａ
300625,三雄极光
600809,山西汾酒
603959,ST百利
300732,设研院
002558,巨人网络
601058,赛轮轮胎
600548,深高速
601666,平煤股份
301136,招标股份
600419,天润乳业
688285,高铁电气
003016,欣贺股份
002133,广宇集团
600740,山西焦化
603282,亚光股份
300723,一品红
000564,供销大集
601801,皖新传媒
601288,农业银行
002808,*ST恒久
831396,许昌智能
603609,禾丰股份
600745,闻泰科技
688160,步科股份
301003,江苏博云
002117,东港股份
001330,博纳影业
601992,XD金隅集
003041,真爱美家
002362,汉王科技
301360,荣旗科技
600229,城市传媒
002255,海陆重工
688222,成都先导
000710,贝瑞基因
600403,大有能源
688687,凯因科技
600017,日照港
688106,金宏气体
605009,豪悦护理
301096,百诚医药
600438,通威股份
002127,南极电商
002130,沃尔核材
000596,古井贡酒
001260,坤泰股份
600153,建发股份
600791,京能置业
300062,中能电气
300986,志特新材
601988,中国银行
688325,赛微微电
601811,新华文轩
002458,益生股份
300983,尤安设计
300414,中光防雷
301135,瑞德智能
300984,金沃股份
002445,中南文化
002694,顾地科技
300821,东岳硅材
000937,冀中能源
301080,百普赛斯
300660,江苏雷利
000504,*ST生物
000552,甘肃能化
000852,石化机械
603888,新华网
300591,万里马
605060,联德股份
301231,荣信文化
000001,平安银行
600350,山东高速
688003,天准科技
605577,龙版传媒
002302,西部建设
002830,名雕股份
300359,全通教育
601598,中国外运
300002,神州泰岳
601398,工商银行
301279,金道科技
301078,孩子王
688056,莱伯泰科
300014,亿纬锂能
301170,锡南科技
300937,药易购
000663,永安林业
601388,怡球资源
603421,鼎信通讯
003033,征和工业
688050,爱博医疗
300081,恒信东方
000799,酒鬼酒
688009,中国通号
000029,深深房Ａ
300298,三诺生物
688683,莱尔科技
603633,徕木股份
600757,长江传媒
002624,完美世界
600826,兰生股份
600770,综艺股份
603605,珀莱雅
000839,国安股份
600926,杭州银行
600151,航天机电
600388,龙净环保
873703,广厦环能
002309,中利集团
688038,中科通达
301166,优宁维
000797,中国武夷
301098,金埔园林
301023,江南奕帆
000820,*ST节能
300557,理工光科
600570,恒生电子
603429,集友股份
000702,正虹科技
600189,泉阳泉
000519,中兵红箭
688480,赛恩斯
002858,力盛体育
000031,大悦城
000517,荣安地产
002989,中天精装
688226,威腾电气
301283,聚胶股份
603357,设计总院
001269,欧晶科技
300654,世纪天鸿
002279,久其软件
603899,晨光股份
603328,依顿电子
601599,浙文影业
600113,浙江东日
600061,国投资本
000759,中百集团
600159,大龙地产
605006,山东玻纤
002998,优彩资源
301380,挖金客
000715,中兴商业
600603,ST广物
002733,雄韬股份
603180,XD金牌家
300389,艾比森
603165,荣晟环保
688020,方邦股份
600383,金地集团
300652,雷迪克
600693,东百集团
002043,兔 宝 宝
001313,粤海饲料
301001,凯淳股份
300562,乐心医疗
002815,崇达技术
300181,佐力药业
600642,申能股份
003006,百亚股份
601798,蓝科高新
002031,巨轮智能
920027,交大铁发
000755,山西高速
603700,宁水集团
603809,豪能股份
688175,高凌信息
001965,招商公路
301329,信音电子
300400,劲拓股份
688225,亚信安全
300621,维业股份
688656,浩欧博
603860,中公高科
000963,华东医药
002346,柘中股份
300232,洲明科技
002461,珠江啤酒
002205,国统股份
002370,亚太药业
002061,浙江交科
601616,广电电气
600067,冠城新材
002791,坚朗五金
601107,四川成渝
834033,康普化学
300792,壹网壹创
600121,郑州煤电
688719,爱科赛博
300018,中元股份
002843,泰嘉股份
600901,江苏金租
002234,民和股份
688290,XD景业智
002739,万达电影
000681,视觉中国
000557,西部创业
600238,*ST椰岛
002389,航天彩虹
600380,健康元
300800,力合科技
000544,中原环保
001319,铭科精技
302132,中航成飞
600015,华夏银行
601512,中新集团
600053,九鼎投资
002266,浙富控股
002798,帝欧家居
300338,ST开元
603268,*ST松发
603788,宁波高发
600636,*ST国化
831906,舜宇精工
002932,明德生物
688459,哈铁科技
301267,华厦眼科
600094,大名城
300832,新产业
002161,远 望 谷
603919,金徽酒
301108,洁雅股份
600050,中国联通
301362,民爆光电
002920,德赛西威
300846,首都在线
300492,华图山鼎
600558,大西洋
002291,遥望科技
603557,ST起步
300363,博腾股份
920029,开发科技
600569,安阳钢铁
600562,国睿科技
002846,英联股份
603101,汇嘉时代
002783,凯龙股份
002032,苏 泊 尔
873593,鼎智科技
002027,分众传媒
000900,现代投资
600743,华远控股
300211,*ST亿通
002425,ST凯文
603239,浙江仙通
301228,实朴检测
301081,严牌股份
600720,中交设计
688502,茂莱光学
300668,杰恩设计
603416,信捷电气
600339,中油工程
300940,南极光
001872,招商港口
300228,富瑞特装
301595,太力科技
603358,华达科技
301218,华是科技
600971,恒源煤电
688251,井松智能
600400,红豆股份
300718,长盛轴承
000623,吉林敖东
600004,白云机场
301305,朗坤科技
600103,青山纸业
300885,海昌新材
600373,中文传媒
603385,惠达卫浴
601858,中国科传
300830,金现代
603956,威派格
300423,昇辉科技
600348,华阳股份
688184,ST帕瓦
601068,中铝国际
300382,斯莱克
000415,渤海租赁
688109,品茗科技
002252,上海莱士
300271,华宇软件
601390,中国中铁
835579,机科股份
300922,天秦装备
600377,宁沪高速
605337,李子园
002372,伟星新材
601021,春秋航空
603053,成都燃气
002330,得利斯
002746,仙坛股份
600742,富维股份
600239,云南城投
300413,芒果超媒
603363,傲农生物
301113,雅艺科技
688466,金科环境
603171,税友股份
603071,物产环能
301225,恒勃股份
600661,昂立教育
600128,苏豪弘业
601138,工业富联
002638,勤上股份
002174,游族网络
600996,贵广网络
601939,建设银行
301276,嘉曼服饰
300251,光线传媒
603630,拉芳家化
300948,冠中生态
001296,长江材料
002083,孚日股份
601669,中国电建
603759,海天股份
002245,蔚蓝锂芯
000598,兴蓉环境
600692,亚通股份
603176,汇通集团
603028,赛福天
002039,黔源电力
002102,能特科技
603392,万泰生物
002958,青农商行
002543,万和电气
688696,极米科技
300692,中环环保
000917,电广传媒
601728,中国电信
002725,跃岭股份
002400,省广集团
603676,卫信康
688710,益诺思
600580,卧龙电驱
300284,苏交科
300640,德艺文创
002412,汉森制药
688087,英科再生
300193,佳士科技
603733,仙鹤股份
688033,天宜新材
603515,欧普照明
002946,新乳业
002587,奥拓电子
600662,外服控股
002982,湘佳股份
603477,巨星农牧
600758,辽宁能源
000927,中国铁物
688428,诺诚健华-U
300122,智飞生物
600508,上海能源
300958,建工修复
688658,悦康药业
001328,登康口腔
300007,汉威科技
688303,大全能源
601011,宝泰隆
300851,交大思诺
002853,皮阿诺
002088,鲁阳节能
601328,交通银行
832491,奥迪威
688472,阿特斯
301390,经纬股份
300901,中胤时尚
603087,甘李药业
300013,新宁物流
600887,伊利股份
300981,中红医疗
601518,吉林高速
688301,奕瑞科技
300770,新媒股份
300288,朗玛信息
688063,派能科技
000626,远大控股
600382,广东明珠
000669,ST金鸿
688114,华大智造
600155,华创云信
603216,梦天家居
300183,东软载波
688631,莱斯信息
600783,鲁信创投
600617,国新能源
300815,玉禾田
002367,康力电梯
300200,高盟新材
688509,正元地信
601766,中国中车
000537,中绿电
603579,荣泰健康
000030,富奥股份
600860,京城股份
300266,兴源环境
002337,赛象科技
300634,彩讯股份
601169,北京银行
600035,楚天高速
301097,天益医疗
600185,珠免集团
601298,青岛港
600288,大恒科技
000858,五 粮 液
605365,立达信
002991,甘源食品
603877,太平鸟
600528,中铁工业
603906,龙蟠科技
002647,*ST仁东
603506,南都物业
688156,路德环境
603687,大胜达
603090,宏盛股份
001234,泰慕士
601880,辽港股份
871970,大禹生物
002364,中恒电气
002605,姚记科技
002607,中公教育
605258,协和电子
600820,隧道股份
301596,瑞迪智驱
600582,天地科技
600975,新五丰
002066,瑞泰科技
605098,行动教育
600755,厦门国贸
300791,仙乐健康
688668,鼎通科技
000779,甘咨询
002646,天佑德酒
603073,彩蝶实业
603043,广州酒家
301328,维峰电子
001283,豪鹏科技
300966,共同药业
002294,信立泰
000567,海德股份
300627,华测导航
600724,宁波富达
688551,科威尔
601158,重庆水务
002560,通达股份
688358,祥生医疗
603992,松霖科技
000736,*ST中地
002862,实丰文化
300075,数字政通
002703,浙江世宝
002616,长青集团
600737,中粮糖业
002483,润邦股份
839371,欧福蛋业
000558,天府文旅
002672,东江环保
300383,光环新网
600843,上工申贝
002035,华帝股份
920682,球冠电缆
688597,煜邦电力
605208,永茂泰
605198,安德利
001238,浙江正特
000803,山高环能
603611,诺力股份
000620,盈新发展
300351,永贵电器
601186,中国铁建
603027,千禾味业
600262,北方股份
000877,天山股份
600187,国中水务
688206,概伦电子
002883,中设股份
002510,天汽模
002323,雅博股份
605005,合兴股份
688578,艾力斯
002421,达实智能
688065,凯赛生物
301381,赛维时代
002131,利欧股份
300155,安居宝
603318,水发燃气
603004,鼎龙科技
600976,健民集团
601002,晋亿实业
002965,祥鑫科技
300343,ST联创
600269,赣粤高速
600162,香江控股
603983,丸美生物
001395,亚联机械
600729,重庆百货
300466,赛摩智能
600606,绿地控股
002948,青岛银行
002949,华阳国际
300150,世纪瑞尔
000509,华塑控股
301169,零点有数
002968,新大正
688265,南模生物
600609,金杯汽车
300326,ST凯利
600970,中材国际
301035,润丰股份
002821,凯莱英
603303,得邦照明
002767,先锋电子
688479,友车科技
600853,龙建股份
002496,*ST辉丰
600825,新华传媒
600573,惠泉啤酒
300425,中建环能
300759,康龙化成
603825,华扬联众
603637,镇海股份
002390,信邦制药
603021,ST华鹏
002479,富春环保
301498,乖宝宠物
872925,锦好医疗
688685,迈信林
002060,广东建工
603172,万丰股份
001201,东瑞股份
605077,华康股份
000543,皖能电力
301508,中机认检
601929,吉视传媒
600739,辽宁成大
002441,众业达
600936,广西广电
300611,美力科技
600620,天宸股份
600626,申达股份
002603,以岭药业
300464,星徽股份
601588,北辰实业
601958,金钼股份
600686,金龙汽车
600655,豫园股份
600425,青松建化
603360,百傲化学
003011,海象新材
601128,常熟银行
301429,森泰股份
601816,京沪高铁
605050,福然德
600881,亚泰集团
300379,*ST东通
688663,新风光
300006,莱美药业
600305,恒顺醋业
600248,陕建股份
003028,振邦智能
600567,山鹰国际
301172,君逸数码
300419,ST浩丰
002596,海南瑞泽
600653,申华控股
002663,普邦股份
000419,通程控股
300607,拓斯达
301626,苏州天脉
000998,隆平高科
603025,大豪科技
300608,思特奇
600579,中化装备
002063,远光软件
600566,济川药业
601668,中国建筑
000032,深桑达Ａ
001360,南矿集团
300635,中达安
605488,福莱新材
300358,楚天科技
002757,南兴股份
601825,沪农商行
603903,中持股份
600231,凌钢股份
000807,云铝股份
600212,绿能慧充
000935,四川双马
301418,协昌科技
002972,科安达
688098,申联生物
300131,英唐智控
002385,大北农
301535,浙江华远
603128,华贸物流
000928,中钢国际
603838,*ST四通
300876,蒙泰高新
920819,颖泰生物
001380,华纬科技
301448,开创电气
600800,渤海化学
600703,三安光电
002214,*ST大立
300348,长亮科技
002219,新里程
600756,浪潮软件
301226,祥明智能
688072,拓荆科技
600199,金种子酒
600769,祥龙电业
001256,炜冈科技
002939,长城证券
600833,第一医药
600408,安泰集团
603183,建研院
603153,上海建科
600778,友好集团
300887,谱尼测试
301503,智迪科技
000501,武商集团
000011,深物业A
000726,鲁  泰Ａ
301370,国科恒泰
002293,罗莱生活
002354,天娱数科
002135,东南网架
688408,中信博
002702,海欣食品
600648,外高桥
603267,鸿远电子
002344,海宁皮城
002845,同兴达
003029,吉大正元
688319,欧林生物
300365,恒华科技
300322,硕贝德
600123,兰花科创
688400,凌云光
603386,骏亚科技
601818,光大银行
002891,中宠股份
601006,大秦铁路
301012,扬电科技
300572,安车检测
300112,万讯自控
002758,浙农股份
003025,思进智能
000513,丽珠集团
002263,大东南
301009,可靠股份
002524,光正眼科
300707,威唐工业
603900,莱绅通灵
002183,怡 亚 通
301499,维科精密
600615,丰华股份
688395,正弦电气
300353,东土科技
300806,斯迪克
000837,秦川机床
600717,天津港
603122,合富中国
002687,乔治白
002690,美亚光电
600137,浪莎股份
688627,精智达
002850,科达利
603008,喜临门
688469,芯联集成-U
300533,冰川网络
000063,中兴通讯
003004,*ST声迅
601019,山东出版
688185,康希诺
603755,日辰股份
300195,长荣股份
688513,苑东生物
600676,交运股份
002366,融发核电
688330,宏力达
603869,ST智知
600168,武汉控股
300485,赛升药业
300502,新易盛
002452,长高电新
300633,开立医疗
300349,金卡智能
601985,中国核电
600170,上海建工
837006,晟楠科技
603113,金能科技
002567,唐人神
002285,世联行
002880,卫光生物
600935,华塑股份
600177,雅戈尔
002321,华英农业
300126,锐奇股份
300175,ST朗源
002275,桂林三金
688369,致远互联
300952,恒辉安防
002818,富森美
002327,富安娜
300556,丝路视觉
600993,马应龙
301631,壹连科技
688100,威胜信息
002414,高德红外
002398,垒知集团
600721,百花医药
301047,义翘神州
000546,金圆股份
000625,长安汽车
600925,苏能股份
688501,青达环保
002659,凯文教育
301265,华新环保
000950,重药控股
003027,同兴科技
603029,天鹅股份
001202,炬申股份
601108,财通证券
002795,永和智控
002563,森马服饰
605555,德昌股份
688036,传音控股
605567,春雪食品
600064,南京高科
600081,东风科技
600639,浦东金桥
688728,格科微
600938,中国海油
603615,茶花股份
002697,红旗连锁
600738,丽尚国潮
603511,爱慕股份
002265,建设工业
603030,全筑股份
301072,中捷精工
688187,时代电气
688095,福昕软件
001309,德明利
832735,德源药业
002247,聚力文化
600529,山东药玻
601010,文峰股份
601106,中国一重
000885,城发环境
600158,中体产业
688387,信科移动-U
301021,英诺激光
002216,三全食品
000586,汇源通信
603601,再升科技
300866,安克创新
002270,华明装备
600880,博瑞传播
301057,汇隆新材
000065,北方国际
301512,智信精密
301560,众捷汽车
603109,神驰机电
300269,联建光电
002546,新联电子
300239,东宝生物
002137,实益达
600179,安通控股
688777,中控技术
000677,恒天海龙
002527,新时达
000417,合百集团
688211,中科微至
001326,联域股份
000957,中通客车
003012,东鹏控股
688366,昊海生科
600688,上海石化
002712,思美传媒
002144,宏达高科
601333,广深铁路
605377,华旺科技
002033,丽江股份
300315,掌趣科技
603588,高能环境
600612,老凤祥
600768,宁波富邦
301510,固高科技
603991,至正股份
000402,金 融 街
002248,华东数控
300722,新余国科
601016,节能风电
600827,百联股份
603790,雅运股份
605222,起帆电缆
600654,中安科
600640,国脉文化
002966,苏州银行
301313,凡拓数创
603929,亚翔集成
000685,中山公用
600173,卧龙新能
000498,山东路桥
300296,利亚德
301303,真兰仪表
002020,京新药业
300936,中英科技
002100,天康生物
603612,索通发展
600009,上海机场
603307,扬州金泉
600780,通宝能源
688126,沪硅产业
688058,宝兰德
002737,葵花药业
603126,中材节能
600694,大商股份
000568,泸州老窖
002153,石基信息
000609,ST中迪
002426,胜利精密
603587,地素时尚
300739,明阳电路
301559,中集环科
003005,竞业达
301086,鸿富瀚
300432,富临精工
002198,嘉应制药
603186,华正新材
300171,东富龙
301613,新铝时代
688499,利元亨
603937,丽岛新材
600561,江西长运
000523,红棉股份
601015,陕西黑猫
301037,保立佳
600098,广州发展
603231,索宝蛋白
000027,深圳能源
000428,华天酒店
002903,宇环数控
688255,凯尔达
300305,裕兴股份
301289,国缆检测
603075,热威股份
300765,新诺威
601326,秦港股份
301133,金钟股份
300570,太辰光
300560,中富通
603999,读者传媒
600939,重庆建工
000025,特  力Ａ
688139,海尔生物
300214,日科化学
002840,华统股份
688455,科捷智能
300308,中际旭创
002106,莱宝高科
688016,心脉医疗
000813,德展健康
300957,贝泰妮
002911,佛燃能源
601991,大唐发电
300440,运达科技
000605,渤海股份
301387,光大同创
603238,诺邦股份
301616,浙江华业
000915,华特达因
603341,龙旗科技
000551,创元科技
002677,浙江美大
300508,维宏股份
836395,朗鸿科技
600866,星湖科技
000863,三湘印象
601999,出版传媒
603138,海量数据
301587,中瑞股份
600637,东方明珠
688055,龙腾光电
600681,百川能源
002108,沧州明珠
600398,海澜之家
000661,长春高新
605001,威奥股份
300602,飞荣达
688085,三友医疗
002324,普利特
688078,龙软科技
600032,浙江新能
600037,歌华有线
688021,奥福科技
603121,华培动力
002154,报 喜 鸟
002642,荣联科技
301126,达嘉维康
002548,金新农
688510,航亚科技
300683,海特生物
002444,巨星科技
300716,ST泉为
600328,中盐化工
835857,百甲科技
002879,长缆科技
000156,华数传媒
600329,达仁堂
600867,通化东宝
002375,亚厦股份
002331,皖通科技
002517,恺英网络
603150,万朗磁塑
600657,信达地产
300135,宝利国际
689009,九号公司-WD
603528,多伦科技
300708,聚灿光电
600863,内蒙华电
600444,国机通用
001213,中铁特货
600824,益民集团
600968,海油发展
601065,江盐集团
002641,公元股份
000933,神火股份
300015,爱尔眼科
603689,皖天然气
301280,珠城科技
300063,天龙集团
605218,伟时电子
300535,达威股份
603080,新疆火炬
603255,鼎际得
000721,西安饮食
600369,西南证券
688625,呈和科技
600488,津药药业
603052,可川科技
002164,宁波东力
603711,XD香飘飘
002595,豪迈科技
603500,祥和实业
688505,复旦张江
002415,海康威视
600663,陆家嘴
600132,重庆啤酒
603182,嘉华股份
873132,泰鹏智能
603177,德创环保
301272,英华特
002719,麦趣尔
601366,利群股份
600633,浙数文化
688435,英方软件
301309,万得凯
603278,大业股份
603566,普莱柯
300143,盈康生命
000899,赣能股份
002995,天地在线
000876,新 希 望
601595,上海电影
301093,华兰股份
600502,安徽建工
600507,方大特钢
600228,*ST返利
002242,九阳股份
300802,矩子科技
603639,海利尔
600031,三一重工
688689,银河微电
002332,仙琚制药
600519,贵州茅台
000690,宝新能源
600900,长江电力
300838,浙江力诺
002313,日海智能
601838,成都银行
003023,彩虹集团
688278,特宝生物
001324,长青科技
000595,*ST宝实
600138,中青旅
002678,珠江钢琴
600998,九州通
300482,万孚生物
000875,吉电股份
301195,北路智控
600600,青岛啤酒
688218,江苏北人
300234,开尔新材
603708,家家悦
300278,华昌达
002059,云南旅游
002494,华斯股份
300412,迦南科技
300357,我武生物
001308,康冠科技
603311,金海高科
603858,步长制药
603669,灵康药业
600776,东方通信
600585,海螺水泥
603730,岱美股份
601199,江南水务
300385,雪浪环境
300209,有棵树
300146,汤臣倍健
002762,*ST金比
603317,天味食品
300459,汤姆猫
600084,中信尼雅
600864,XD哈投股
603890,春秋电子
600222,太龙药业
688690,纳微科技
601658,邮储银行
603856,东宏股份
600787,中储股份
002912,中新赛克
001278,一彬科技
301230,泓博医药
300932,三友联众
600054,黄山旅游
603365,水星家纺
688334,西高院
600985,淮北矿业
600029,南方航空
600131,国网信通
301152,天力锂能
688448,磁谷科技
000776,广发证券
600125,铁龙物流
000862,银星能源
301368,丰立智能
600997,开滦股份
605108,同庆楼
600874,创业环保
600784,鲁银投资
000716,黑芝麻
603076,乐惠国际
001222,源飞宠物
300354,东华测试
000529,广弘控股
688338,赛科希德
601225,陕西煤业
600841,动力新科
688292,浩瀚深度
301288,*ST清研
688180,君实生物-U
000821,京山轻机
600363,联创光电
002782,可立克
000061,农 产 品
002169,智光电气
603111,康尼机电
688090,瑞松科技
000791,甘肃能源
002078,太阳纸业
600730,中国高科
601156,东航物流
300294,博雅生物
002870,香山股份
002187,广百股份
603879,永悦科技
002462,嘉事堂
002756,永兴材料
002999,天禾股份
301258,富士莱
002301,齐心集团
000869,张  裕Ａ
301222,浙江恒威
603839,安正时尚
002451,摩恩电气
002274,华昌化工
301519,舜禹股份
688315,诺禾致源
002790,瑞尔特
600903,贵州燃气
600731,湖南海利
000538,云南白药
301187,欧圣电气
688581,XD安杰思
600577,精达股份
002282,博深股份
600576,祥源文旅
603308,应流股份
601101,昊华能源
002698,博实股份
603208,江山欧派
002906,华阳集团
688267,中触媒
002566,益盛药业
002673,西部证券
300369,绿盟科技
300329,海伦钢琴
600814,杭州解百
300931,通用电梯
301159,三维天地
603725,天安新材
601200,上海环境
688071,华依科技
002928,华夏航空
600862,中航高科
002599,盛通股份
600191,华资实业
002422,科伦药业
603908,牧高笛
603887,城地香江
688701,卓锦股份
601827,三峰环境
601857,中国石油
300820,英杰电气
605089,味知香
600630,龙头股份
600546,山煤国际
601998,中信银行
600391,航发科技
300755,华致酒行
603577,汇金通
603013,亚普股份
300691,联合光电
600105,永鼎股份
002142,宁波银行
601566,九牧王
002140,东华科技
300227,光韵达
688097,博众精工
001979,招商蛇口
600848,上海临港
001335,信凯科技
688181,八亿时空
300710,万隆光电
301603,乔锋智能
600161,天坛生物
605266,健之佳
605507,国邦医药
605368,蓝天燃气
301255,通力科技
002090,金智科技
600007,中国国贸
600754,锦江酒店
001255,博菲电气
830946,森萱医药
001208,华菱线缆
003008,开普检测
002881,美格智能
688215,瑞晟智能
000828,东莞控股
300543,朗科智能
002736,国信证券
600099,林海股份
002468,申通快递
601229,上海银行
603776,永安行
603156,养元饮品
301061,匠心家居
000099,中信海直
603926,铁流股份
300835,龙磁科技
688259,创耀科技
000895,双汇发展
600697,欧亚集团
002096,易普力
688420,美腾科技
300582,英飞特
002534,西子洁能
600196,复星医药
688120,华海清科
603037,凯众股份
688121,卓然股份
603230,内蒙新华
300616,尚品宅配
301291,明阳电气
300614,百川畅银
600197,伊力特
688789,宏华数科
603863,松炀资源
603822,嘉澳环保
301088,戎美股份
603667,五洲新春
301315,威士顿
002730,电光科技
300504,天邑股份
600875,东方电气
000999,华润三九
601607,上海医药
002777,久远银海
600989,宝丰能源
301083,百胜智能
002957,科瑞技术
603301,振德医疗
605179,一鸣食品
688308,欧科亿
000400,许继电气
430478,峆一药业
001378,德冠新材
301446,福事特
688297,中无人机
601799,星宇股份
003001,中岩大地
688051,佳华科技
301236,软通动力
300735,光弘科技
920016,中草香料
688157,松井股份
001373,翔腾新材
688657,浩辰软件
603713,密尔克卫
000056,皇庭国际
600918,中泰证券
000008,神州高铁
603703,盛洋科技
000166,申万宏源
000090,天健集团
000088,盐 田 港
300889,爱克股份
600149,廊坊发展
001333,光华股份
001323,慕思股份
002146,荣盛发展
002124,天邦食品
002116,中国海诚
600477,杭萧钢构
000035,中国天楹
600909,华安证券
300713,英可瑞
603915,国茂股份
002203,海亮股份
600395,盘江股份
002058,*ST威尔
830879,基康仪器
600511,国药股份
600503,华丽家族
600386,北巴传媒
301116,益客食品
605090,九丰能源
605069,正和生态
603896,寿仙谷
600462,退市九有
600157,永泰能源
600376,首开股份
000548,湖南投资
000639,西王食品
688671,碧兴物联
000622,恒立退
000619,海螺新材
000615,*ST美谷
603518,锦泓集团
600807,济高发展
300479,神思电子
603488,展鹏科技
605339,南侨食品
000610,西安旅游
300307,慈星股份
301207,华兰疫苗
000631,顺发恒业
301200,大族数控
603356,华菱精工
600332,白云山
600337,美克家居
600495,晋西车轴
002050,三花智控
601868,中国能建
600327,大东方
601828,美凯龙
600352,浙江龙盛
002243,力合科创
300244,迪安诊断
000731,四川美丰
000718,苏宁环球
000717,中南股份
600812,华北制药
000707,双环科技
300241,瑞丰光电
603344,星德胜
300230,永利股份
301181,标榜股份
000686,东北证券
000683,博源化工
300208,中程退
000682,东方电子
300360,炬华科技
002296,辉煌科技
002283,天润工业
601163,三角轮胎
600750,江中药业
600748,上实发展
601009,南京银行
601118,海南橡胶
601113,华鼎股份
300187,永清环保
300205,*ST天喻
300096,ST易联众
300259,新天科技
300247,融捷健康
300103,达刚控股
603329,上海雅仕
300031,宝通科技
688150,莱特光电
300026,红日药业
300005,探路者
600512,腾达建设
002044,美年健康
603886,元祖股份
002024,ST易购
002021,中捷资源
000407,胜利股份
601777,千里科技
300768,迪普科技
000592,平潭发展
000584,工智退
603817,海峡环保
000573,粤宏远Ａ
300573,兴齐眼药
300568,星源材质
605055,迎丰股份
603565,中谷物流
603558,健盛集团
002322,理工能科
000581,威孚高科
002303,美盈森
600310,广西能源
600307,酒钢宏兴
002350,北京科锐
600303,曙光股份
600284,浦东建设
600716,凤凰股份
600713,南京医药
003000,劲仔食品
603270,金帝股份
002941,新疆交建
002890,弘宇股份
300078,思创医惠
300070,碧水源
300058,蓝色光标
002310,东方园林
603206,嘉环科技
000882,华联股份
600683,京投发展
834599,同力股份
002863,今飞凯达
002836,新宏泽
002832,比音勒芬
600675,中华企业
600559,老白干酒
002381,双箭股份
688575,亚辉龙
603041,美思德
600261,阳光照明
600256,广汇能源
603193,润本股份
600572,康恩贝
002761,浙江建投
002480,新筑股份
002446,盛路通信
001366,播恩集团
601699,潞安环能
688538,和辉光电-U
600200,*ST苏吴
002419,天虹股份
002406,远东传动
600217,中再资环
002394,联发股份
600016,民生银行
600033,福建高速
600028,中国石化
002695,煌上煌
688313,仕佳光子
000926,福星股份
000911,广农糖业
600665,天地源
000898,鞍钢股份
000897,津滨发展
002778,中晟高科
002775,文科股份
603196,日播时尚
600635,大众公用
601568,北元集团
601500,通用股份
601399,国机重装
600628,新世界
002671,龙泉股份
600051,宁波联合
002660,茂硕电源
002651,利君股份
002650,ST加加
600622,光大嘉宝
000966,长源电力
601375,中原证券
601368,绿城水务
601360,三六零
002482,广田集团
002627,三峡旅游
600088,中视传媒
600080,金花股份
001277,速达股份
001231,农心科技
600616,金枫酒业
002589,瑞康医药
002584,西陇科学
002582,好想你
600117,西宁特钢
601618,中国中冶
002500,山西证券
002491,通鼎互联
300886,华业香料
600984,建设机械
300639,凯普生物
301055,张小泉
300612,宣亚国际
300594,朗进科技
600956,新天绿能
600857,宁波中百
000410,沈阳机床
002573,清新环境
688425,铁建重工
002551,尚荣医疗
002538,司尔特
002686,亿利达
002148,北纬科技
000401,冀东水泥
600883,博闻科技
600871,石化油服
600868,梅雁吉祥
300976,达瑞电子
300845,捷安高科
300839,博汇股份
002188,中天服务
600429,三元股份
600406,国电南瑞
002157,正邦科技
000069,华侨城Ａ
688318,财富趋势
600702,舍得酒业
001225,和泰机电
301331,恩威医药
002901,大博医疗
002864,盘龙药业
600211,西藏药业
688345,博力威
002287,奇正藏药
002929,润建股份
600285,羚锐制药
002869,金溢科技
601127,赛力斯
002230,科大讯飞
600071,凤凰光学
688329,艾隆科技
301588,美新科技
002432,九安医疗
603662,柯力传感
003021,兆威机电
301033,迈普医学
600389,江山股份
688236,春立医疗
301320,豪江智能
600182,S佳通
300882,万胜智能
002732,燕塘乳业
688711,宏微科技
300877,金春股份
688233,神工股份
300384,三联虹普
002192,融捷股份
301298,东利机械
301633,港迪技术
600535,天士力
605318,法狮龙
836263,中航泰达
832469,富恒新材
600668,尖峰集团
603727,博迈科
688326,经纬恒润-W
003039,顺控发展
600258,首旅酒店
600855,航天长峰
688031,星环科技-U
002892,科力尔
000028,国药一致
603015,弘讯科技
688356,键凯科技
002507,涪陵榨菜
603170,宝立食品
688739,成大生物
600749,西藏旅游
603968,醋化股份
601066,中信建投
603599,广信股份
002186,全 聚 德
300736,百邦科技
873339,恒太照明
301336,趣睡科技
688485,九州一轨
001336,楚环科技
603097,江苏华辰
603696,安记食品
603898,好莱客
301203,国泰环保
300226,上海钢联
688131,皓元医药
600056,中国医药
002163,海南发展
600958,东方证券
300265,通光线缆
600763,通策医疗
002221,东华能源
600026,中远海能
002393,力生制药
603960,克来机电
600295,鄂尔多斯
688562,航天软件
601611,中国核建
001306,夏厦精密
002888,惠威科技
300009,安科生物
002373,千方科技
600834,申通地铁
000050,深天马Ａ
600597,光明乳业
002887,绿茵生态
002469,三维化学
600674,川投能源
000752,ST西发
300144,宋城演艺
605158,华达新材
603387,基蛋生物
301221,光庭信息
600356,XD恒丰纸
603912,佳力图
000058,深 赛 格
600916,中国黄金
603661,恒林股份
300823,建科智能
000798,中水渔业
002962,五方光电
603168,莎普爱思
688083,中望软件
688237,超卓航科
002363,隆基机械
300636,同和药业
300888,稳健医疗
300519,新光药业
002352,顺丰控股
600829,人民同泰
300507,苏奥传感
002440,闰土股份
002813,路畅科技
002267,陕天然气
600058,五矿发展
000990,诚志股份
600719,大连热电
003013,地铁设计
301337,亚华电子
002181,粤 传 媒
000968,蓝焰控股
600006,东风股份
001391,国货航
001382,新亚电缆
600152,维科技术
600779,水井坊
300915,海融科技
000880,潍柴重机
688276,百克生物
300176,鸿特科技
001219,青岛食品
002763,汇洁股份
688298,东方生物
601969,海南矿业
688193,仁度生物
002120,韵达股份
300669,沪宁股份
601038,一拖股份
000906,浙商中拓
600682,南京新百
601808,中海油服
300725,药石科技
000554,泰山石油
002614,奥佳华
002404,嘉欣丝绸
603060,国检集团
301110,青木科技
001318,阳光乳业
688289,圣湘生物
300188,国投智能
603309,维力医疗
601179,中国西电
300303,聚飞光电
688057,金达莱
688376,美埃科技
000893,亚钾国际
300717,华信新材
002209,达 意 隆
600696,*ST岩石
688793,倍轻松
002909,集泰股份
688143,长盈通
300039,上海凯宝
688132,邦彦技术
001914,招商积余
300314,戴维医疗
603568,伟明环保
601665,齐鲁银行
603006,联明股份
688244,永信至诚
600345,长江通信
000978,桂林旅游
301017,漱玉平民
688566,吉贝尔
300255,常山药业
301395,仁信新材
300088,长信科技
002017,东信和平
600817,宇通重工
600917,重庆燃气
300350,华鹏飞
000703,恒逸石化
600085,同仁堂
002796,世嘉科技
002701,奥瑞金
002475,立讯精密
600249,两面针
002947,恒铭达
301339,通行宝
600420,国药现代
300024,机器人
601963,重庆银行
603866,桃李面包
000922,佳电股份
300142,沃森生物
600818,中路股份
000650,仁和药业
300523,辰安科技
002360,同德化工
300517,海波重科
605188,国光连锁
300676,华大基因
688363,华熙生物
603368,柳药集团
688229,博睿数据
301318,维海德
002576,通达动力
688586,江航装备
301239,普瑞眼科
002752,昇兴股份
600510,黑牡丹
000782,恒申新材
300904,威力传动
605116,奥锐特
000860,顺鑫农业
300161,华中数控
002833,弘亚数控
002884,凌霄泵业
600869,远东股份
688569,铁科轨道
002766,索菱股份
300701,森霸传感
001259,利仁科技
300289,利德曼
000678,襄阳轴承
300467,迅游科技
301175,中科环保
000665,湖北广电
002439,启明星辰
002358,森源电气
301371,敷尔佳
301353,普莱得
600526,菲达环保
001228,永泰运
002202,金风科技
002251,步步高
300496,中科创达
600325,华发股份
301180,万祥科技
603580,*ST艾艾
688548,广钢气体
688517,金冠电气
688588,XD凌志软
600587,新华医疗
600995,南网储能
300534,陇神戎发
300869,康泰医学
600929,雪天盐业
603738,泰晶科技
300837,浙矿股份
603299,苏盐井神
601700,XD风范股
300242,佳云科技
000912,泸天化
600520,三佳科技
300597,吉大通信
688681,科汇股份
002873,新天药业
002094,青岛金王
002508,老板电器
301285,鸿日达
603369,今世缘
688004,博汇科技
600062,华润双鹤
603589,口子窖
301235,华康洁净
000812,陕西金叶
605196,华通线缆
600449,宁夏建材
000636,风华高科
000589,贵州轮胎
600966,博汇纸业
603797,联泰环保
301398,星源卓镁
603709,中源家居
000768,中航西飞
600551,时代出版
688367,工大高科
300641,正丹股份
002126,银轮股份
603685,晨丰科技
002706,良信股份
301042,安联锐视
688092,爱科科技
000883,湖北能源
002547,春兴精工
002241,歌尔股份
600658,电子城
600368,五洲交通
600684,珠江股份
603083,剑桥科技
600172,黄河旋风
002304,洋河股份
300080,易成新能
002004,华邦健康
600905,三峡能源
601096,宏盛华源
002281,光迅科技
001266,宏英智能
600649,城投控股
002788,鹭燕医药
000705,浙江震元
002728,特一药业
002427,尤夫股份
601166,兴业银行
603050,科林电气
301128,强瑞技术
600233,圆通速递
002405,四维图新
002919,名臣健康
000425,徐工机械
688401,路维光电
688018,乐鑫科技
002191,劲嘉股份
601000,唐山港
603737,三棵树
000750,国海证券
605388,均瑶健康
603210,泰鸿万立
002772,众兴菌业
301091,深城交
000790,华神科技
300911,亿田智能
603567,珍宝岛
002286,保龄宝
000039,中集集团
600372,中航机载
601099,太平洋
000048,京基智农
002785,万里石
871478,巨能股份
600623,华谊集团
600771,广誉远
600594,益佰制药
300473,德尔股份
001338,永顺泰
301606,绿联科技
002707,众信旅游
002749,国光股份
601888,中国中免
688198,佰仁医疗
603718,海利生物
605100,华丰股份
600115,中国东航
300595,欧普康视
301198,喜悦智行
300286,安科瑞
300933,中辰股份
000761,本钢板材
300491,通合科技
600792,云煤能源
836957,汉维科技
002307,北新路桥
603987,康德莱
001299,美能能源
603456,九洲药业
688081,兴图新科
688468,科美诊断
688628,优利德
603666,亿嘉和
688695,中创股份
603681,永冠新材
300951,博硕科技
601111,中国国航
300923,研奥股份
000778,新兴铸管
600278,东方创业
603219,富佳股份
301515,港通医疗
600436,片仔癀
002190,成飞集成
600468,百利电气
600872,中炬高新
300684,中石科技
600575,淮河能源
001388,信通电子
601966,玲珑轮胎
002523,天桥起重
002489,浙江永强
301153,中科江南
688125,安达智能
601018,宁波港
600479,千金药业
300276,三丰智能
301151,冠龙节能
002983,芯瑞达
603223,恒通股份
002434,万里扬
002023,海特高新
601188,龙江交通
002003,伟星股份
000411,英特集团
605300,佳禾食品
688670,金迪克
000888,峨眉山Ａ
688721,龙图光罩
603600,永艺股份
300439,美康生物
603660,苏州科达
603393,新天然气
600308,华泰股份
300539,横河精密
688552,航天南湖
000800,一汽解放
002168,*ST惠程
000068,华控赛格
000830,鲁西化工
300025,华星创业
002139,拓邦股份
001216,华瓷股份
002681,奋达科技
600859,王府井
600959,江苏有线
000919,金陵药业
300406,九强生物
601456,国联民生
002635,安洁科技
301391,卡莱特
300726,宏达电子
603195,公牛集团
000002,万  科Ａ
603305,旭升集团
300110,华仁药业
600293,三峡新材
000786,北新建材
002960,青鸟消防
300926,博俊科技
300170,汉得信息
601952,苏垦农发
603199,九华旅游
605289,罗曼股份
688651,盛邦安全
600130,*ST波导
603909,建发合诚
002652,扬子新材
600882,妙可蓝多
300907,康平科技
688389,普门科技
001226,拓山重工
430418,苏轴股份
300647,超频三
300673,佩蒂股份
300258,精锻科技
600025,华能水电
688526,科前生物
002022,科华生物
603290,斯达半导
301598,博科测试
603197,保隆科技
002570,贝因美
688310,迈得医疗
601139,深圳燃气
600725,云维股份
301509,金凯生科
603658,安图生物
688028,沃尔德
600371,万向德农
603787,新日股份
600611,大众交通
301580,爱迪特
300843,胜蓝股份
600718,东软集团
600188,兖矿能源
600919,江苏银行
002151,北斗星通
603236,移远通信
600433,冠豪高新
605155,西大门
600008,首创环保
603610,麒盛科技
603719,良品铺子
688321,微芯生物
600461,洪城环境
600460,士兰微
300204,舒泰神
300196,长海股份
002594,比亚迪
002586,*ST围海
600079,人福医药
600186,莲花控股
001239,永达股份
002743,富煌钢构
002193,如意集团
600271,航天信息
300134,大富科技
000789,万年青
605299,舒华体育
603020,XD爱普股
605199,ST葫芦娃
300532,今天国际
300964,本川智能
000635,英 力 特
300087,荃银高科
000560,我爱我家
300909,汇创达
600704,物产中大
688209,英集芯
600698,湖南天雁
002492,恒基达鑫
002959,小熊电器
688615,合合信息
688659,元琛科技
603345,安井食品
603319,DR美湖股
002950,奥美医疗
300396,迪瑞医疗
300192,科德教育
002225,濮耐股份
603348,文灿股份
001209,洪兴股份
603889,新澳股份
002239,奥特佳
002726,龙大美食
300215,电科院
000930,中粮科技
002675,东诚药业
600226,亨通股份
603729,龙韵股份
688093,世华科技
002554,惠博普
301077,星华新材
002333,罗普斯金
300164,通源石油
002016,世荣兆业
601567,三星医疗
600178,东安动力
601975,招商南油
002561,徐家汇
001322,箭牌家居
002312,川发龙蟒
301251,威尔高
603444,吉比特
600018,上港集团
300050,世纪鼎利
600506,统一股份
600055,万东医疗
600469,风神股份
002639,雪人集团
300233,金城医药
300878,维康药业
002925,盈趣科技
300456,赛微电子
601198,东兴证券
300540,蜀道装备
002339,积成电子
000659,珠海中富
601633,长城汽车
600405,动力源
002486,嘉麟杰
002877,智能自控
300454,深信服
002876,三利谱
601155,新城控股
301269,华大九天
601878,浙商证券
603408,建霖家居
600583,海油工程
300453,三鑫医疗
600726,华电能源
002771,真视通
002811,郑中设计
002722,物产金轮
603721,*ST天择
688779,五矿新能
300571,平治信息
688571,杭华股份
600736,苏州高新
300503,昊志机电
688190,云路股份
002334,英威腾
603035,常熟汽饰
002953,日丰股份
301173,毓恬冠佳
002557,洽洽食品
601990,南京证券
603331,百达精工
000506,中润资源
300653,正海生物
603163,圣晖集成
000728,国元证券
301090,华润材料
300549,优德精密
603569,长久物流
000668,*ST荣控
001368,通达创智
002977,天箭科技
002495,佳隆股份
600059,古越龙山
000629,钒钛股份
603989,艾华集团
300825,阿尔特
000510,新金路
300899,*ST凯鑫
300071,福石控股
301356,天振股份
300277,海联讯
601330,绿色动力
603602,纵横通信
002368,太极股份
603322,超讯通信
002809,红墙股份
688648,中邮科技
688652,京仪装备
300784,利安科技
300373,扬杰科技
832110,雷特科技
603107,上海汽配
688099,晶晨股份
002386,天原股份
603517,绝味食品
002355,兴民智通
002159,三特索道
000155,川能动力
300011,鼎汉技术
300074,华平股份
300577,开润股份
301439,泓淋电力
600965,福成股份
300999,金龙鱼
600076,康欣新材
002817,黄山胶囊
601339,百隆东方
601238,广汽集团
002692,远程股份
301273,瑞晨环保
600169,太原重工
600409,三友化工
300771,智莱科技
603100,川仪股份
605183,XD确成股
600604,市北高新
002349,精华制药
000404,长虹华意
002841,视源股份
300292,吴通控股
688335,复洁环保
600598,北大荒
000727,冠捷科技
688060,云涌科技
002955,鸿合科技
002407,多氟多
838030,德众汽车
600861,北京人力
603829,洛凯股份
002176,江特电机
002347,泰尔股份
603272,联翔股份
000576,甘化科工
002472,双环传动
300552,万集科技
002101,广东鸿图
600982,宁波能源
301049,超越科技
002910,庄园牧场
002984,森麒麟
603353,和顺石油
603017,中衡设计
603289,泰瑞机器
600710,苏美达
300525,博思软件
002399,海普瑞
600422,昆药集团
000958,电投产融
688678,福立旺
002062,宏润建设
002601,龙佰集团
002945,华林证券
600100,同方股份
002611,东方精工
600000,浦发银行
002937,兴瑞科技
002388,ST新亚
300541,先进数通
600116,三峡水利
600765,中航重机
600516,方大炭素
002224,三 力 士
600320,振华重工
001379,腾达科技
300514,友讯达
002917,金奥博
688682,霍莱沃
603040,新坐标
603277,银都股份
000810,创维数字
003020,立方制药
002443,金洲管道
002007,华兰生物
301045,天禄科技
603395,红四方
601996,丰林集团
688667,菱电电控
688052,纳芯微
002236,大华股份
300724,捷佳伟创
000019,深粮控股
600963,岳阳林纸
000403,派林生物
002747,埃斯顿
002249,大洋电机
601608,中信重工
000421,南京公用
300154,瑞凌股份
002064,华峰化学
600613,神奇制药
600602,云赛智联
300447,全信股份
300690,双一科技
002351,漫步者
300066,三川智慧
300575,中旗股份
301321,翰博高新
301131,聚赛龙
600335,国机汽车
600493,凤竹纺织
002501,利源股份
000100,TCL科技
688692,达梦数据
600678,四川金顶
688247,宣泰医药
000850,华茂股份
001400,江顺科技
300001,特锐德
002933,新兴装备
300929,华骐环保
300626,华瑞股份
600699,均胜电子
603108,润达医疗
688381,帝奥微
603619,中曼石油
601696,中银证券
300912,凯龙高科
002049,紫光国微
002918,蒙娜丽莎
002051,中工国际
000301,东方盛虹
002215,诺 普 信
000017,深中华A
301567,贝隆精密
600038,中直股份
601121,宝地矿业
300777,中简科技
301011,华立科技
300831,派瑞股份
002030,达安基因
688188,柏楚电子
603279,景津装备
300590,移为通信
300355,蒙草生态
600527,江南高纤
002262,恩华药业
002318,久立特材
002353,杰瑞股份
300729,乐歌股份
688025,杰普特
603115,海星股份
603355,莱克电气
000701,厦门信达
603173,福斯达
600877,电科芯片
000733,振华科技
601377,兴业证券
600351,亚宝药业
603489,八方股份
600223,福瑞达
688563,航材股份
002940,昂利康
688119,中钢洛耐
300486,东杰智能
301148,嘉戎技术
830832,齐鲁华信
603312,西典新能
601872,招商轮船
300222,科大智能
000826,启迪环境
002319,乐通股份
600268,国电南自
003017,大洋生物
300711,广哈通信
300789,唐源电气
000550,江铃汽车
600560,金自天正
600283,钱江水利
002591,恒大高新
688295,中复神鹰
002745,木林森
002041,登海种业
603066,音飞储存
300705,九典制药
000547,航天发展
600184,光电股份
600796,钱江生化
600785,新华百货
600370,三房巷
002533,金杯电工
688166,博瑞医药
003007,直真科技
601901,方正证券
300780,德恩精工
300994,久祺股份
688030,山石网科
600136,ST明诚
003010,若羽臣
000725,京东方Ａ
601718,际华集团
002679,福建金森
600500,中化国际
003009,中天火箭
603337,杰克股份
000949,新乡化纤
002800,天顺股份
002391,长青股份
002724,海洋王
603291,联合水务
605056,咸亨国际
600999,招商证券
002297,博云新材
002328,新朋股份
301185,鸥玛软件
605066,天正电气
601007,金陵饭店
000868,安凯客车
600202,哈空调
600563,法拉电子
000608,*ST阳光
300615,欣天科技
301105,鸿铭股份
603496,恒为科技
300880,迦南智能
688279,峰岹科技
000925,众合科技
002689,远大智能
002760,凤形股份
600618,氯碱化工
600885,宏发股份
300828,锐新科技
002895,川恒股份
300137,ST先河
300404,博济医药
603118,共进股份
000034,神州数码
002292,奥飞娱乐
300469,信息发展
002009,天奇股份
002223,鱼跃医疗
688506,百利天恒
603638,艾迪精密
301296,新巨丰
688699,明微电子
600886,国投电力
600279,重庆港
300529,健帆生物
301332,德尔玛
000921,海信家电
300218,安利股份
601898,中煤能源
002226,江南化工
300978,东箭科技
301179,泽宇智能
603137,恒尚节能
300306,远方信息
000036,华联控股
300168,万达信息
002979,雷赛智能
603096,新经典
300852,四会富仕
002838,道恩股份
002132,恒星科技
002397,梦洁股份
000507,珠海港
000692,惠天热电
603160,汇顶科技
603082,北自科技
002478,常宝股份
688170,德龙激光
688570,天玛智控
836239,长虹能源
003816,中国广核
002038,双鹭药业
300593,新雷能
603717,天域生物
300894,火星人
300034,钢研高纳
300861,美畅股份
603061,金海通
300497,富祥药业
688108,赛诺医疗
002091,江苏国泰
301293,三博脑科
600515,海南机场
601369,陕鼓动力
002545,东方铁塔
600133,东湖高新
603398,*ST沐邦
603077,和邦生物
600732,爱旭股份
001205,盛航股份
688680,海优新材
002084,海鸥住工
688249,晶合集成
603228,景旺电子
002531,天顺风能
300051,琏升科技
002006,精工科技
300659,中孚信息
688558,国盛智科
600987,航民股份
301591,肯特股份
000739,普洛药业
301608,博实结
300774,倍杰特
002232,启明信息
600498,烽火通信
300145,南方泵业
688439,振华风光
300174,元力股份
600906,财达证券
000783,长江证券
000901,航天科技
000503,国新健康
688737,中自科技
603375,盛景微
301008,宏昌科技
300720,海川智能
002516,旷达科技
603058,永吉股份
301062,上海艾录
603728,鸣志电器
600143,金发科技
300919,中伟股份
688561,奇安信-U
836422,润普食品
301592,六九一二
301018,申菱环境
300274,阳光电源
301071,力量钻石
838171,邦德股份
000333,美的集团
301377,鼎泰高科
688788,科思科技
002498,汉缆股份
872808,曙光数创
688567,孚能科技
301290,东星医疗
001311,多利科技
603070,万控智造
300443,金雷股份
002700,万憬能源
601088,中国神华
688305,科德数控
688288,鸿泉物联
000932,华菱钢铁
600096,云天化
600365,ST通葡
603949,雪龙集团
601919,中远海控
600210,紫江企业
301109,军信股份
002014,永新股份
002448,中原内配
600621,华鑫股份
002597,金禾实业
002577,雷柏科技
301027,华蓝集团
603439,贵州三力
001331,胜通能源
002539,云图控股
600992,贵绳股份
688017,绿的谐波
601236,红塔证券
002985,北摩高科
300098,高新兴
603237,五芳斋
000766,通化金马
600973,宝胜股份
301518,长华化学
002691,冀凯股份
301073,君亭酒店
601918,新集能源
605007,五洲特纸
300375,鹏翎股份
300756,金马游乐
600581,八一钢铁
603613,国联股份
603158,腾龙股份
002889,东方嘉盛
688122,西部超导
688082,盛美上海
003038,鑫铂股份
300928,华安鑫创
603818,曲美家居
300979,华利集团
601012,隆基绿能
300715,凯伦股份
430718,合肥高科
300184,力源信息
603031,安孚科技
688618,三旺通信
605086,龙高股份
300499,高澜股份
300702,天宇股份
301043,绿岛风
002631,德尔未来
603409,汇通控股
000505,京粮控股
600496,精工钢构
831304,迪尔化工
688352,颀中科技
300124,汇川技术
003035,南网能源
688062,迈威生物-U
688307,中润光学
300441,鲍斯股份
603018,华设集团
605167,利柏特
600313,农发种业
600235,民丰特纸
839792,东和新材
300021,大禹节水
000012,南  玻Ａ
000430,ST张家界
603283,赛腾股份
003022,联泓新科
603169,兰石重装
603321,梅轮电梯
300140,节能环境
688606,奥泰生物
600955,维远股份
300417,南华仪器
600522,中天科技
300782,卓胜微
300162,雷曼光电
300158,振东制药
300895,铜牛信息
301053,远信工业
831370,新安洁
300661,圣邦股份
688608,恒玄科技
603536,惠发食品
600452,涪陵电力
600578,XD京能电
605117,德业股份
002454,松芝股份
601001,晋控煤业
002408,齐翔腾达
688067,爱威科技
002034,旺能环境
002092,中泰化学
000785,居然智家
300173,福能东方
301232,飞沃科技
600167,联美控股
600243,*ST海华
002273,水晶光电
000591,太阳能
002272,川润股份
002128,电投能源
300470,中密控股
301163,宏德股份
002926,华西证券
002980,华盛昌
688549,中巨芯-U
300380,安硕信息
688568,中科星图
600109,XD国金证
688015,交控科技
600180,瑞茂通
300812,易天股份
603229,奥翔药业
300206,理邦仪器
601686,友发集团
000600,建投能源
002111,威海广泰
301111,粤万年青
002466,天齐锂业
605068,明新旭腾
688676,金盘科技
600641,万业企业
600282,南钢股份
001218,丽臣实业
605228,神通科技
600230,沧州大化
688178,万德斯
300118,东方日升
300079,数码视讯
002930,宏川智慧
002780,三夫户外
300813,泰林生物
688127,蓝特光学
600865,百大集团
300257,开山股份
600689,上海三毛
301578,辰奕智能
002693,*ST双成
300132,青松股份
301528,多浦乐
603815,交建股份
600215,派斯林
300550,和仁科技
300555,ST路通
001286,陕西能源
301327,华宝新能
002600,领益智造
600108,亚盛集团
001258,立新能源
600733,北汽蓝谷
301156,美农生物
301020,密封科技
300317,珈伟新能
600075,新疆天业
300822,贝仕达克
688281,华秦科技
000157,中联重科
301469,恒达新材
301087,可孚医疗
603039,泛微网络
300481,濮阳惠成
688089,嘉必优
600711,ST盛屯
300194,福安药业
603213,镇洋发展
600480,凌云股份
605151,西上海
002540,亚太科技
600651,飞乐音响
601727,上海电气
002026,山东威达
688496,清越科技
002085,万丰奥威
001339,智微智能
600981,汇鸿集团
000159,国际实业
000158,常山北明
002222,福晶科技
600241,时代万恒
830964,润农节水
688616,西力科技
300484,蓝海华腾
600629,华建集团
603201,常润股份
301456,盘古智能
000096,广聚能源
003030,祖名股份
603556,海兴电力
600596,新安股份
300461,田中精机
601005,重庆钢铁
300320,海达股份
603102,百合股份
603105,芯能科技
300945,曼卡龙
301050,雷电微力
300592,华凯易佰
603530,神马电力
688273,麦澜德
300185,通裕重工
688088,虹软科技
603162,海通发展
300992,泰福泵业
688101,三达膜
601136,首创证券
000637,茂化实华
300008,天海防务
603012,创力集团
600312,平高电气
002823,凯中精密
300086,康芝药业
600101,明星电力
001289,龙源电力
872541,铁大科技
603135,中重科技
600539,狮头股份
870656,海昇药业
603970,中农立华
002010,传化智联
001332,锡装股份
600888,新疆众和
688118,普元信息
600986,浙文互联
603519,立霸股份
002145,中核钛白
605580,恒盛能源
601211,国泰海通
600299,安迪苏
000920,沃顿科技
002559,亚威股份
688539,高华科技
002668,TCL智家
002787,华源控股
002620,ST瑞和
603288,海天味业
601216,君正集团
000936,华西股份
002195,岩山科技
300151,昌红科技
300083,创世纪
000632,三木集团
688355,明志科技
688066,航天宏图
300270,中威电子
688348,昱能科技
600039,四川路桥
002298,中电鑫龙
002129,TCL中环
000582,北部湾港
603189,网达软件
605138,盛泰集团
688173,希荻微
300908,仲景食品
688176,亚虹医药-U
000423,东阿阿胶
603739,蔚蓝生物
600854,春兰股份
688607,康众医疗
600838,上海九百
000965,天保基建
000628,高新发展
300231,银信科技
688258,卓易信息
301278,快可电子
688239,航宇科技
603798,康普顿
000792,盐湖股份
300201,海伦哲
002859,洁美科技
000049,德赛电池
002606,大连电瓷
688380,中微半导
600030,中信证券
600714,金瑞矿业
000756,新华制药
002916,深南电路
000938,紫光股份
603056,德邦股份
001288,运机集团
600252,中恒集团
833266,生物谷
688605,先锋精科
600536,中国软件
688757,胜科纳米
002037,保利联合
300920,润阳科技
600135,乐凯胶片
601279,英利汽车
000698,沈阳化工
605369,拱东医疗
300268,*ST佳沃
002708,光洋股份
002045,国光电器
603233,大参林
688105,诺唯赞
688610,埃科光电
300474,景嘉微
300119,瑞普生物
002172,澳洋健康
688253,英诺特
002246,北化股份
000793,ST华闻
600588,用友网络
300212,易华录
002105,信隆健康
688007,光峰科技
000712,锦龙股份
603391,力聚热能
603095,越剑智能
300130,新国都
002899,英派斯
301382,蜂助手
300506,ST名家汇
600257,大湖股份
600218,全柴动力
688277,天智航-U
603059,倍加洁
002184,海得控制
301566,达利凯普
300435,中泰股份
600234,科新发展
300332,天壕能源
000006,深振业Ａ
603979,金诚信
603325,博隆技术
603218,日月股份
300553,集智股份
600428,中远海特
600272,开开实业
300856,科思股份
601995,中金公司
600650,锦江在线
301246,宏源药业
600273,嘉化能源
002956,西麦食品
300650,太龙股份
002079,苏州固锝
603366,日出东方
603273,天元智能
603332,苏州龙杰
600664,哈药股份
002340,格林美
603079,圣达生物
300721,怡达股份
300865,大宏立
603779,威龙股份
002626,金达威
300515,三德科技
300565,科信技术
688075,安旭生物
002696,百洋股份
000045,深纺织Ａ
688432,有研硅
002727,一心堂
300250,初灵信息
301168,通灵股份
603677,奇精机械
301316,慧博云通
688212,澳华内镜
600237,铜峰电子
301158,德石股份
603016,新宏泰
301468,博盈特焊
300179,四方达
000735,罗 牛 山
688261,东微半导
836433,大唐药业
301119,正强股份
603595,东尼电子
300596,利安隆
300903,科翔股份
601866,中远海发
300917,特发服务
688819,天能股份
000887,中鼎股份
301069,凯盛新材
002593,日上集团
688391,钜泉科技
688396,华润微
600171,上海贝岭
688350,富淼科技
002008,大族激光
603339,四方科技
603190,亚通精工
301665,泰禾股份
600227,赤天化
603656,泰禾智能
002329,皇氏集团
001376,百通能源
603538,美诺华
688172,燕东微
300316,晶盛机电
002053,云南能投
600691,阳煤化工
300022,吉峰科技
002199,*ST东晶
836720,吉冈精密
002256,兆新股份
300538,同益股份
600330,天通股份
301421,波长光电
301161,唯万密封
600292,远达环保
002194,武汉凡谷
301517,陕西华达
002493,荣盛石化
002380,科远智慧
301266,宇邦新材
688525,佰维存储
600410,华胜天成
301557,常友科技
002644,佛慈制药
301538,骏鼎达
002476,宝莫股份
688393,安必平
603266,天龙股份
300628,亿联网络
000524,岭南控股
603997,继峰股份
001270,*ST铖昌
688361,中科飞测
831834,三维股份
300037,新宙邦
000066,中国长城
300407,凯发电气
300229,拓尔思
600198,大唐电信
300390,天华新能
300816,艾可蓝
002981,朝阳科技
603205,DR健尔康
603505,金石资源
600316,洪都航空
301536,星宸科技
300339,润和软件
688147,微导纳米
603777,来伊份
300868,杰美特
002371,北方华创
300510,金冠股份
300873,海晨股份
600491,龙元建设
600759,洲际油气
002418,康盛股份
002997,瑞鹄模具
839725,惠丰钻石
301029,怡合达
002465,海格通信
002075,沙钢股份
603049,中策橡胶
301165,锐捷网络
603048,浙江黎明
002107,沃华医药
600712,南宁百货
600448,华纺股份
603871,嘉友国际
688475,萤石网络
300017,网宿科技
600048,保利发展
603026,石大胜华
301040,中环海陆
300680,隆盛科技
301095,广立微
603920,世运电路
002379,宏创控股
603882,金域医学
688515,裕太微-U
002556,辉隆股份
603285,键邦股份
301212,联盛化学
000651,格力电器
833781,瑞奇智造
688271,联影医疗
000695,滨海能源
002072,凯瑞德
600624,复旦复华
600666,奥瑞德
002080,中材科技
002029,七 匹 狼
601579,会稽山
300681,英搏尔
300455,航天智装
600300,维维股份
301201,诚达药业
301376,致欧科技
600127,金健米业
301302,华如科技
002826,易明医药
603269,海鸥股份
002653,海思科
600741,华域汽车
301571,国科天成
688275,万润新能
002837,英维克
301275,汉朔科技
603527,众源新材
002632,道明光学
603019,中科曙光
600021,上海电力
002521,齐峰新材
002455,百川股份
300617,安靠智电
600378,昊华科技
000848,承德露露
300420,五洋自控
002518,科士达
603876,鼎胜新材
600340,华夏幸福
000708,中信特钢
300391,*ST长药
603966,法兰泰克
002057,中钢天源
002175,东方智造
688189,南新制药
002429,兆驰股份
002487,大金重工
834261,一诺威
688375,国博电子
688177,百奥泰
002643,万润股份
605166,聚合顺
688168,安博通
838275,驱动力
002935,天奥电子
000829,天音控股
001301,尚太科技
600156,华升股份
688362,甬矽电子
688768,容知日新
300236,上海新阳
688219,会通股份
300787,海能实业
838701,豪声电子
688758,赛分科技
833533,骏创科技
301636,泽润新能
301028,东亚机械
300449,汉邦高科
300817,双飞集团
688599,天合光能
301100,风光股份
601555,东吴证券
688133,泰坦科技
603722,阿科力
603520,司太立
688589,力合微
301112,信邦智能
600727,鲁北化工
300451,创业慧康
300686,智动力
600760,中航沈飞
600690,海尔智家
002585,双星新材
601117,中国化学
300751,迈为股份
688322,奥比中光-UW
601789,宁波建工
000528,柳    工
000796,凯撒旅业
605288,凯迪股份
301399,英特科技
301383,天键股份
839946,华阳变速
301301,川宁生物
301281,科源制药
603222,济民健康
002320,海峡股份
300824,北鼎股份
603179,新泉股份
002457,青龙管业
688478,晶升股份
603586,金麒麟
605358,立昂微
600483,福能股份
603139,康惠制药
600509,天富能源
300352,北信源
000931,中 关 村
300598,诚迈科技
002055,得润电子
601228,广州港
600850,电科数字
601226,华电科工
603178,圣龙股份
002825,纳尔股份
300207,欣旺达
603010,万盛股份
603659,璞泰来
002590,万安科技
688653,康希通信
688161,威高骨科
300905,宝丽迪
688076,诺泰生物
600822,上海物贸
301310,鑫宏业
300319,麦捷科技
002276,万马股份
002575,群兴玩具
300818,耐普矿机
836942,恒立钻具
833230,欧康医药
300622,博士眼镜
000856,冀东装备
002160,常铝股份
688488,艾迪药业
000952,广济药业
002449,国星光电
300942,易瑞生物
603009,北特科技
001287,中电港
002878,元隆雅图
300849,锦盛新材
300811,铂科新材
688798,艾为电子
600359,新农开发
601689,拓普集团
301611,珂玛科技
688286,敏芯股份
300509,新美星
000788,北大医药
600381,*ST春天
000751,锌业股份
002403,爱仕达
600707,彩虹股份
002799,环球印务
001215,千味央厨
600839,四川长虹
300121,阳谷华泰
600232,金鹰股份
603338,浙江鼎力
000055,方大集团
920099,瑞华技术
600797,浙大网新
600979,广安爱众
000878,云南铜业
605598,上海港湾
603119,浙江荣泰
688343,云天励飞-U
688556,高测股份
603768,常青股份
603927,中科软
002913,奥士康
601678,滨化股份
002268,电科网安
002208,合肥城建
605111,新洁能
603227,雪峰科技
603036,如通股份
600298,安琪酵母
603958,哈森股份
831010,凯添燃气
600399,抚顺特钢
300809,华辰装备
000593,德龙汇能
688107,安路科技
001229,魅视科技
300059,东方财富
002723,小崧股份
600195,中牧股份
300344,ST立方
600605,汇通能源
301322,绿通科技
688576,西山科技
002528,ST英飞拓
603701,德宏股份
000985,大庆华科
603161,科华控股
000516,国际医学
002759,天际股份
002456,欧菲光
300775,三角防务
872931,无锡鼎邦
603826,坤彩科技
603916,苏博特
603276,恒兴新材
002074,国轩高科
603226,菲林格尔
688702,盛科通信-U
300093,*ST金刚
300656,民德电子
002271,东方雨虹
600470,六国化工
002149,西部材料
002978,安宁股份
300666,江丰电子
603967,中创物流
301085,亚康股份
688707,振华新材
300403,汉宇集团
300422,博世科
601318,中国平安
603880,南卫股份
300968,格林精密
300644,南京聚隆
300834,星辉环材
000801,四川九洲
601222,林洋能源
002598,山东章鼓
002803,吉宏股份
603313,梦百合
300415,伊之密
000338,潍柴动力
000409,云鼎科技
688602,康鹏科技
300613,富瀚微
002963,豪尔赛
688257,新锐股份
603378,亚士创能
603259,药明康德
688116,天奈科技
301507,民生健康
601881,中国银河
300101,振芯科技
600746,江苏索普
000823,超声电子
600082,海泰发展
002574,明牌珠宝
600685,中船防务
603088,宁波精达
605398,新炬网络
600608,*ST沪科
000520,凤凰航运
603117,万林物流
300408,三环集团
688268,华特气体
601688,华泰证券
301223,中荣股份
605303,园林股份
603665,康隆达
688560,明冠新材
301211,亨迪药业
002674,兴业科技
003042,中农联合
300275,梅安森
300893,松原安全
603885,吉祥航空
300077,国民技术
300927,江天化学
002097,山河智能
688231,隆达股份
832978,开特股份
002535,林州重机
001279,强邦新材
301629,矽电股份
300970,华绿生物
603507,振江股份
002069,獐子岛
000997,新 大 陆
300366,创意信息
300092,科新机电
301046,能辉科技
002047,*ST宝鹰
688179,阿拉丁
600593,大连圣亚
002306,*ST云网
002868,*ST绿康
300854,中兰环保
600969,郴电国际
002664,信质集团
002583,海能达
300033,同花顺
600845,宝信软件
301618,长联科技
300688,创业黑马
603819,神力股份
688192,迪哲医药-U
688716,中研股份
300623,捷捷微电
002136,安 纳 达
002376,新北洋
603005,晶方科技
832145,恒合股份
300035,中科电气
000422,湖北宜化
002793,罗欣药业
301138,华研精机
000886,海南高速
300776,帝尔激光
000962,东方钽业
300747,锐科激光
002669,康达新材
300783,三只松鼠
688383,新益昌
301348,蓝箭电子
300749,顶固集创
300995,奇德新材
002897,意华股份
600066,宇通客车
002613,北玻股份
688207,格灵深瞳
603786,科博达
002254,泰和新材
601933,永辉超市
603315,福鞍股份
688981,中芯国际
300658,延江股份
002278,神开股份
688110,东芯股份
002526,山东矿机
002488,金固股份
603068,博通集成
600036,招商银行
002801,微光股份
300272,开能健康
002471,中超控股
300249,依米康
301379,天山电子
002056,横店东磁
000889,中嘉博创
603098,森特股份
603712,七一二
002552,宝鼎科技
301191,菲菱科思
000488,ST晨鸣
601083,锦江航运
603209,兴通股份
002872,ST天圣
688260,昀冢科技
600251,冠农股份
002348,高乐股份
300163,先锋新材
603023,威帝股份
603110,东方材料
605566,福莱蒽特
688234,天岳先进
002086,东方海洋
601086,国芳集团
603606,东方电缆
600889,南京化纤
603939,益丰药房
301031,中熔电气
301016,雷尔伟
873527,夜光明
300891,惠云钛业
002529,*ST海源
600815,厦工股份
600011,华能国际
300988,津荣天宇
601059,信达证券
301358,湖南裕能
002065,东华软件
300113,顺网科技
688128,中国电研
688351,微电生理
600835,上海机电
300446,航天智造
300960,通业科技
603901,永创智能
601636,旗滨集团
601619,嘉泽新能
300859,西域旅游
603310,巍华新材
300805,电声股份
688429,时创能源
603055,台华新材
688317,之江生物
605259,绿田机械
300310,宜通世纪
300513,恒实科技
300511,雪榕生物
001230,劲旅环境
300483,首华燃气
600338,西藏珠峰
688677,海泰新光
688584,上海合晶
601702,华峰铝业
870866,绿亨科技
002156,通富微电
000700,模塑科技
920116,星图测控
300032,金龙机电
301005,超捷股份
603187,海容冷链
603811,诚意药业
603324,盛剑科技
600846,同济科技
873679,前进科技
920445,龙竹科技
000711,*ST京蓝
300136,信维通信
600879,航天电子
000657,中钨高新
300829,金丹科技
301550,斯菱股份
688223,晶科能源
300664,鹏鹞环保
002715,登云股份
002705,新宝股份
002316,ST亚联
603933,睿能科技
300430,诚益通
688533,上声电子
603697,有友食品
603922,金鸿顺
688032,禾迈股份
688368,晶丰明源
600590,泰豪科技
600010,包钢股份
688620,安凯微
688665,四方光电
920068,天工股份
300696,爱乐达
300850,新强联
300819,聚杰微纤
688299,长阳科技
688252,天德钰
300699,光威复材
600584,长电科技
000007,全新好
833523,德瑞锂电
688041,海光信息
300956,英力股份
688619,罗普特
603583,捷昌驱动
002805,丰元股份
838670,恒进感应
300223,北京君正
300115,长盈精密
000969,安泰科技
300610,晨化股份
000713,丰乐种业
300285,国瓷材料
301056,森赫股份
603014,威高血净
002025,航天电器
301628,强达电路
605180,华生科技
601965,XD中国汽
000795,英洛华
001314,亿道信息
688182,灿勤科技
688410,山外山
601677,明泰铝业
600089,特变电工
688111,金山办公
688316,青云科技-U
300076,GQY视讯
002028,思源电气
688158,优刻得-W
601882,海天精工
002204,大连重工
300261,雅本化学
601788,光大证券
002178,延华智能
688545,兴福电子
600550,保变电气
300827,上能电气
301548,崇德科技
600722,金牛化工
300045,华力创通
002662,峰璟股份
002748,世龙实业
000597,东北制药
600497,驰宏锌锗
600331,宏达股份
001337,四川黄金
603069,海汽集团
002942,新农股份
688314,康拓医疗
002571,德力股份
601600,中国铝业
301065,本立科技
873806,云星宇
301252,同星科技
000078,海王生物
603668,天马科技
600774,汉商集团
000902,新洋丰
834950,迅安科技
688262,国芯科技
301082,久盛电气
002244,滨江集团
002970,锐明技术
603085,天成自控
000738,航发控制
873833,美心翼申
300959,线上线下
871642,通易航天
300106,西部牧业
833575,康乐卫士
688530,欧莱新材
603136,天目湖
002162,悦心健康
002240,盛新锂能
688697,纽威数控
002217,合力泰
300667,必创科技
300450,先导智能
688767,博拓生物
601311,骆驼股份
300166,东方国信
600708,光明地产
430685,新芝生物
836247,华密新材
000762,西藏矿业
688377,迪威尔
300490,华自科技
000972,*ST中基
688357,建龙微纳
301220,亚香股份
000977,浪潮信息
300302,同有科技
603382,海阳科技
688012,中微公司
832566,梓橦宫
688001,华兴源创
002387,维信诺
601877,正泰电器
003043,华亚智能
002277,友阿股份
600557,康缘药业
688115,思林杰
600851,海欣股份
873576,天力复合
688629,华丰科技
301117,佳缘科技
600482,中国动力
301177,迪阿股份
601231,环旭电子
002634,棒杰股份
603648,畅联股份
002666,德联集团
600679,上海凤凰
300299,富春股份
000908,ST景峰
300097,ST智云
002522,浙江众成
600706,曲江文旅
600808,马钢股份
002578,闽发铝业
836419,万德股份
600525,ST长园
002046,国机精工
603038,华立股份
002855,捷荣技术
002011,盾安环境
603297,永新光学
834407,驰诚股份
603125,常青科技
603335,迪生力
002580,圣阳股份
601606,长城军工
002413,雷科防务
688023,安恒信息
300405,科隆股份
301039,中集车辆
300381,溢多利
831855,浙江大农
300109,新开源
300219,鸿利智汇
000570,苏常柴Ａ
300256,星星科技
600346,恒力石化
600459,贵研铂业
600873,梅花生物
688709,成都华微
600456,宝钛股份
605081,*ST太和
600207,安彩高科
600478,科力远
300323,华灿光电
600078,澄星股份
000539,粤电力Ａ
300424,航新科技
603215,比依股份
300892,品渥食品
300566,激智科技
870726,鸿智科技
835237,力佳科技
300671,富满微
300672,国科微
000676,智度股份
300916,朗特智能
002122,汇洲智能
603396,金辰股份
002098,浔兴股份
688622,禾信仪器
688113,联测科技
301585,蓝宇股份
300867,圣元环保
300252,金信诺
603359,东珠生态
002802,洪汇新材
002416,爱施德
002150,通润装备
000993,闽东电力
300585,奥联电子
002986,宇新股份
688365,光云科技
002682,龙洲股份
600552,凯盛科技
002467,二六三
300706,阿石创
002196,方正电机
834639,晨光电缆
002731,萃华珠宝
002073,软控股份
300046,台基股份
870508,丰安股份
002428,云南锗业
832419,路斯股份
300583,赛托生物
603867,新化股份
600467,好当家
836717,瑞星股份
603381,永臻股份
300129,泰胜风能
300169,天晟新材
300480,光力科技
002420,毅昌科技
603192,汇得科技
600568,ST中珠
002189,中光学
600027,华电国际
688755,汉邦科技
002902,铭普光磁
002357,富临运业
600538,国发股份
002886,沃特股份
002345,潮宏基
301076,新瀚新材
920008,成电光信
603985,恒润股份
002110,三钢闽光
300862,蓝盾光电
688385,复旦微电
301568,思泰克
002378,章源钨业
002392,北京利尔
688565,力源科技
603258,电魂网络
300807,天迈科技
000767,晋控电力
603878,武进不锈
002537,海联金汇
688230,芯导科技
688320,禾川科技
688002,XD睿创微
600828,茂业商业
603132,金徽股份
301366,一博科技
301367,瑞迈特
600789,鲁抗医药
603091,众鑫股份
831087,秋乐种业
688580,伟思医疗
301199,迈赫股份
300260,新莱应材
300107,建新股份
300741,华宝股份
000809,和展能源
002424,贵州百灵
300965,恒宇信通
002513,蓝丰生化
002077,大港股份
600203,福日电子
688550,瑞联新材
600163,中闽能源
688035,德邦科技
000060,中金岭南
300884,狄耐克
600219,南山铝业
000533,顺钠股份
300120,经纬辉开
603281,江瀚新材
300427,红相股份
000709,河钢股份
300727,润禾材料
301202,朗威股份
002670,国盛金控
002532,天山铝业
600599,*ST熊猫
688283,坤恒顺维
920489,XD佳先股
300842,帝科股份
300165,ST天瑞
002123,梦网科技
603607,京华激光
601615,明阳智能
002544,普天科技
688512,慧智微-U
301581,黄山谷捷
300203,聚光科技
002497,雅化集团
603897,长城科技
002519,银河电子
600549,厦门钨业
605268,王力安防
000561,烽火电子
300210,森远股份
688061,灿瑞科技
000948,南天信息
601989,中国重工
002207,准油股份
300760,迈瑞医疗
000913,钱江摩托
300678,中科信息
300580,贝斯特
603799,华友钴业
000633,合金投资
000638,*ST万方
688027,国盾量子
600118,中国卫星
000973,佛塑科技
301325,曼恩斯特
002001,新 和 成
300428,立中集团
300918,南山智尚
688148,芳源股份
838262,太湖雪
300053,航宇微
301500,飞南资源
002907,华森制药
300898,熊猫乳品
688155,先惠技术
300853,申昊科技
837663,明阳科技
605033,美邦股份
002182,宝武镁业
832023,田野股份
835640,富士达
300091,金通灵
000777,中核科技
688582,芯动联科
920106,林泰新材
688006,杭可科技
603166,福达股份
300745,欣锐科技
301000,肇民科技
301552,科力装备
000656,*ST金科
300082,奥克股份
300167,ST迪威迅
831768,拾比佰
300620,光库科技
600354,敦煌种业
002625,光启技术
300900,广联航空
000153,丰原药业
603235,天新药业
301522,上大股份
601233,桐昆股份
000758,中色股份
835670,数字人
603698,航天工程
603383,顶点软件
688280,精进电动-UW
688163,赛伦生物
002158,汉钟精机
301026,浩通科技
600150,中国船舶
600481,双良节能
000811,冰轮环境
003026,中晶科技
600895,张江高科
001217,华尔泰
002831,裕同科技
300731,科创新源
601717,郑煤机
002490,山东墨龙
301216,万凯新材
300883,龙利得
002769,普路通
603400,华之杰
000599,青岛双星
600104,上汽集团
600111,北方稀土
300341,麦克奥迪
300213,佳讯飞鸿
300138,晨光生物
002460,赣锋锂业
300172,中电环保
600355,*ST精伦
002109,兴化股份
834014,特瑞斯
688535,华海诚科
301363,美好医疗
688516,奥特维
301022,海泰科
688778,厦钨新能
300618,寒锐钴业
688246,嘉和美康
600455,博通股份
600773,西藏城投
002442,龙星科技
300057,万顺新材
300073,当升科技
300411,金盾股份
300099,尤洛卡
605177,东亚药业
603188,亚邦股份
600439,瑞贝卡
301600,慧翰股份
000737,北方铜业
300287,飞利信
601609,金田股份
000981,山子高科
600734,实达集团
603001,奥康国际
831856,浩淼科技
830779,武汉蓝电
300733,西菱动力
300743,天地数码
838837,华原股份
301326,捷邦科技
603280,南方路机
002676,顺威股份
832225,利通科技
605133,嵘泰股份
002165,红 宝 丽
835985,海泰新能
000037,深南电A
600795,国电电力
300438,鹏辉能源
600166,福田汽车
600302,标准股份
300416,苏试试验
600761,安徽合力
002261,拓维信息
301099,雅创电子
600060,海信视像
002608,江苏国信
002300,太阳电缆
603508,思维列控
300694,蠡湖股份
600097,开创国际
603855,华荣股份
688146,中船特气
688256,寒武纪-U
601100,恒立液压
603501,豪威集团
688010,福光股份
688508,芯朋微
603131,上海沪工
300409,道氏技术
002842,翔鹭钨业
301130,西点药业
301041,金百泽
836675,秉扬科技
002806,华锋股份
300990,同飞股份
000062,深圳华强
300263,隆华科技
605588,冠石科技
002082,万邦德
688269,凯立新材
300897,山科智能
601137,博威合金
836504,博迅生物
688590,新致软件
688612,威迈斯
000905,厦门港务
002179,中航光电
002875,安奈儿
301032,新柴股份
300111,向日葵
603707,健友股份
832089,禾昌聚合
605123,派克新材
688390,固德威
601033,永兴股份
688053,思科瑞
002975,博杰股份
833580,科创新材
300067,安诺其
000980,众泰汽车
002166,莱茵生物
002170,芭田股份
688359,三孚新科
832000,安徽凤凰
603998,方盛制药
603688,石英股份
300848,美瑞新材
000009,中国宝安
600361,创新新材
600660,福耀玻璃
603516,淳中科技
600893,航发动力
600643,爱建集团
600114,东睦股份
603099,长白山
601890,亚星锚链
831726,朱老六
300191,潜能恒信
300020,ST银江
300896,爱美客
688323,瑞华泰
002931,锋龙股份
300102,乾照光电
300458,全志科技
600201,生物股份
301036,双乐股份
300518,新迅达
002138,顺络电子
688217,睿昂基因
300796,贝斯美
688409,富创精密
300969,恒帅股份
688450,光格科技
301428,世纪恒通
300980,祥源新材
688722,同益中
300047,天源迪科
831278,泰德股份
300267,尔康制药
300487,蓝晓科技
300238,冠昊生物
688079,美迪凯
301007,德迈仕
688426,康为世纪
000890,法尔胜
000822,山东海化
601008,连云港
688522,纳睿雷达
871263,莱赛激光
300679,电连技术
688205,德科立
002068,黑猫股份
688693,锴威特
300906,日月明
002402,和而泰
003032,*ST传智
002827,高争民爆
603057,紫燕食品
300180,华峰超纤
002453,华软科技
688186,广大特材
688518,联赢激光
002040,南 京 港
300217,东方电热
873223,荣亿精密
002713,*ST东易
301059,金三江
301589,诺瓦星云
002506,协鑫集成
002617,露笑科技
830974,凯大催化
000859,国风新材
688661,和林微纳
002264,新 华 都
688399,硕世生物
603628,清源股份
000722,湖南发展
002812,恩捷股份
688045,必易微
833394,民士达
300797,钢研纳克
000815,美利云
605011,杭州热电
600803,新奥股份
600019,宝钢股份
603194,中力股份
600323,瀚蓝环境
300254,仟源医药
300955,嘉亨家化
300489,光智科技
837046,亿能电力
301118,恒光股份
002550,千红制药
603918,金桥信息
600819,耀皮玻璃
000967,盈峰环境
301590,优优绿能
000555,神州信息
300793,佳禾智能
601089,福元医药
603938,三孚股份
600601,方正科技
002915,中欣氟材
600309,万华化学
002290,禾盛新材
300346,南大光电
002396,星网锐捷
300521,爱司凯
688123,聚辰股份
301186,超达装备
603380,易德龙
300068,南都电源
002231,*ST奥维
836699,海达尔
872895,花溪科技
301487,盟固利
000881,中广核技
688227,品高股份
600421,*ST华嵘
688398,赛特新材
603596,伯特利
301206,三元生物
600487,亨通光电
603399,永杉锂业
600501,航天晨光
002861,瀛通通讯
002648,卫星化学
000518,*ST四环
001300,三柏硕
688328,深科达
605319,无锡振华
300709,精研科技
688137,近岸蛋白
002481,双塔食品
002564,天沃科技
300253,卫宁健康
301256,华融化学
001356,富岭股份
002365,永安药业
605255,天普股份
301190,善水科技
300370,安控科技
002996,顺博合金
603120,肯特催化
688660,电气风电
002774,快意电梯
300766,每日互动
603022,新通联
002185,华天科技
002549,凯美特气
688449,联芸科技
300520,科大国创
002786,银宝山新
300061,旗天科技
002536,飞龙股份
603657,春光科技
002952,亚世光电
300334,津膜科技
002615,哈尔斯
601319,中国人保
000521,长虹美菱
002835,同为股份
002789,*ST建艺
688486,龙迅股份
301075,多瑞医药
300619,金银河
300462,ST华铭
605178,时空科技
873690,捷众科技
600933,爱柯迪
300434,金石亚药
002484,江海股份
002923,润都股份
600216,浙江医药
002430,杭氧股份
603042,华脉科技
688411,海博思创
603626,科森科技
603678,火炬电子
301233,盛帮股份
688507,索辰科技
002514,宝馨科技
872953,国子软件
688216,气派科技
002717,ST岭南
836826,盖世食品
600129,太极集团
300786,国林科技
600119,长江投资
688766,普冉股份
301092,争光股份
603663,三祥新材
688591,泰凌微
830809,安达科技
920066,科拜尔
300545,联得装备
000909,ST数源
000408,藏格矿业
002152,广电运通
600960,渤海汽车
000818,航锦科技
688418,震有科技
300342,天银机电
300290,荣科科技
688733,壹石通
600319,亚星化学
688726,拉普拉斯
300719,安达维尔
002211,ST宏达
603181,皇马科技
688543,国科军工
603706,东方环宇
300029,*ST天龙
300478,杭州高新
688503,聚和材料
600072,中船科技
603225,新凤鸣
301397,溯联股份
301070,开勒股份
688511,*ST天微
871553,凯腾精工
300123,亚光科技
688130,晶华微
605376,博迁新材
871396,常辅股份
002054,德美化工
688005,容百科技
688403,汇成股份
603330,天洋新材
002338,奥普光电
300331,苏大维格
605366,宏柏新材
603757,大元泵业
000923,河钢资源
300737,科顺股份
000975,山金国际
002810,山东赫达
836414,欧普泰
831195,三祥科技
688717,艾罗能源
688080,映翰通
002229,鸿博股份
600379,宝光股份
600540,新赛股份
600397,安源煤业
000004,*ST国华
300012,华测检测
301030,仕净科技
834765,美之高
838810,春光智能
600343,航天动力
000825,太钢不锈
688609,九联科技
836260,中寰股份
871694,中裕科技
000833,粤桂股份
688248,南网科技
301458,钧崴电子
600255,鑫科材料
601515,东峰集团
688103,国力股份
000959,首钢股份
600392,盛和资源
002125,湘潭电化
000553,安道麦A
002459,晶澳科技
603045,福达合金
603155,新亚强
600764,中国海防
871245,威博液压
300953,震裕科技
002200,*ST交投
000420,吉林化纤
300637,扬帆新材
300693,盛弘股份
300401,花园生物
873726,卓兆点胶
300094,国联水产
301307,美利信
300399,天利科技
002369,卓翼科技
601698,中国卫通
002738,中矿资源
835174,五新隧装
301319,唯特偶
688201,信安世纪
000612,焦作万方
688332,中科蓝讯
002654,万润科技
688337,普源精电
603078,江化微
601869,长飞光纤
603326,我乐家居
603271,永杰新材
688167,炬光科技
688026,洁特生物
300055,万邦达
688379,华光新材
600367,红星发展
688152,麒麟信安
300863,卡倍亿
603917,合力科技
000536,华映科技
603773,沃格光电
688220,翱捷科技-U
600358,ST联合
000680,山推股份
301525,儒竞科技
301101,明月镜片
688327,云从科技-UW
301149,隆华新材
301408,华人健康
001206,依依股份
000559,万向钱潮
300311,ST任子行
300576,容大感光
603931,格林达
603123,翠微股份
832471,美邦科技
603680,今创集团
688433,华曙高科
688210,统联精密
836221,易实精密
301068,大地海洋
831305,海希通讯
600063,皖维高新
605168,三人行
605599,菜百股份
300629,新劲刚
688598,金博股份
300941,创识科技
688593,新相微
603986,兆易创新
000960,锡业股份
601208,东材科技
603257,中国瑞林
688577,浙海德曼
300567,精测电子
300814,中富电路
002993,奥海科技
002134,天津普林
002630,ST华西
688347,华虹公司
600426,华鲁恒升
002235,安妮股份
603261,*ST立航
688772,珠海冠宇
839273,一致魔芋
603806,福斯特
301155,海力风电
835368,XD连城数
601022,宁波远洋
300397,天和防务
301178,天亿马
002637,赞宇科技
833509,同惠电子
603051,鹿山新材
002709,天赐材料
603298,杭叉集团
600892,*ST大晟
837023,芭薇股份
301501,恒鑫生活
301121,紫建电子
601069,西部黄金
603690,至纯科技
688595,芯海科技
603089,正裕工业
920118,太湖远大
000016,深康佳Ａ
920098,科隆新材
600126,杭钢股份
300738,奥飞数据
835185,贝特瑞
002741,光华科技
603327,福蓉科技
688378,奥来德
300318,博晖创新
600619,海立股份
600190,退市锦港
000426,兴业银锡
833429,康比特
601865,福莱特
300767,震安科技
605298,必得科技
300631,久吾高科
688162,巨一科技
600782,新钢股份
603232,格尔软件
300841,康华生物
301602,超研股份
301229,纽泰格
605378,野马电池
300890,翔丰华
300493,润欣科技
832278,鹿得医疗
603650,彤程新材
838402,硅烷科技
870976,视声智能
301373,凌玮科技
873152,天宏锂电
688349,三一重能
000831,中国稀土
300377,赢时胜
688272,富吉瑞
000534,万泽股份
688519,南亚新材
300762,上海瀚讯
300857,协创数据
300740,水羊股份
300337,银邦股份
688500,慧辰股份
001210,金房能源
600106,重庆路桥
300685,艾德生物
832522,纳科诺尔
600141,兴发集团
601601,中国太保
835438,戈碧迦
002542,中化岩土
688443,智翔金泰-U
301556,托普云农
300871,回盛生物
600775,南京熊猫
600753,*ST海钦
603789,*ST星农
603977,国泰集团
300095,华伍股份
000571,新大洲A
300395,菲利华
603578,三星新材
000021,深科技
000020,深华发Ａ
600336,澳柯玛
872190,雷神科技
301277,新天地
603320,迪贝电气
002828,贝肯能源
600988,赤峰黄金
301013,利和兴
300283,温州宏丰
002012,凯恩股份
688800,瑞可达
688720,艾森股份
300468,四方精创
300563,神宇股份
832662,方盛股份
833454,同心传动
301210,金杨股份
688698,伟创电气
301300,远翔新材
301369,联动科技
002409,雅克科技
688049,炬芯科技
839493,并行科技
601162,天风证券
300198,ST纳川
300085,银之杰
300674,宇信科技
688373,盟科药业-U
300798,锦鸡股份
301393,昊帆生物
300836,佰奥智能
301486,致尚科技
837403,康农种业
000970,中科三环
002019,亿帆医药
688138,清溢光电
873706,铁拓机械
301308,江波龙
002824,和胜股份
300065,海兰信
838924,广脉科技
301160,翔楼新材
300808,久量股份
301297,富乐德
002401,中远海科
002688,金河生物
688029,南微医学
836077,吉林碳谷
300712,永福股份
836547,无锡晶海
600322,津投城开
300975,商络电子
836871,派特尔
301349,信德新材
603286,日盈电子
300599,雄塑科技
837092,汉鑫科技
873693,阿为特
688559,海目星
300773,拉卡拉
300221,银禧科技
688419,耐科装备
002860,星帅尔
300697,电工合金
300398,飞凯材料
601061,中信金属
300041,回天新材
002898,*ST赛隆
300769,德方纳米
002335,科华数据
873167,新赣江
688458,美芯晟
688270,臻镭科技
300870,欧陆通
688750,金天钛业
002773,康弘药业
300042,朗科科技
300698,万马科技
832171,志晟信息
600423,柳化股份
002167,东方锆业
001316,润贝航科
002237,恒邦股份
301219,腾远钴业
300429,强力新材
301565,中仑新材
688669,聚石化学
300643,万通智控
688129,东来技术
430198,微创光电
300536,农尚环境
600543,莫高股份
300149,睿智医药
600362,江西铜业
300139,晓程科技
300527,中船应急
600176,中国巨石
301162,国能日新
920111,聚星科技
300220,金运激光
300586,美联新材
832149,利尔达
301238,瑞泰新材
603883,老百姓
600671,天目药业
301268,铭利达
688135,利扬芯片
600326,西藏天路
000688,国城矿业
688484,XD南芯科
300584,海辰药业
603585,苏利股份
600458,时代新材
002253,*ST智胜
831152,昆工科技
300758,七彩化学
300157,新锦动力
002383,合众思壮
600645,中源协和
300530,领湃科技
002250,联化科技
002716,湖南白银
001696,宗申动力
002258,利尔化学
836270,天铭科技
831627,力王股份
300240,飞力达
300604,长川科技
002155,湖南黄金
002645,华宏科技
688022,瀚川智能
601336,新华保险
600586,金晶科技
002851,麦格米特
603499,翔港科技
600192,长城电工
301107,瑜欣电子
301048,金鹰重工
688613,奥精医疗
430139,华岭股份
301323,新莱福
300036,超图软件
600983,惠而浦
300442,润泽科技
301015,百洋医药
001367,海森药业
300569,天能重工
603766,隆鑫通用
688112,鼎阳科技
000566,海南海药
603351,威尔药业
603067,振华股份
600416,湘电股份
600505,西昌电力
300177,中海达
837242,建邦科技
834770,艾能聚
688047,龙芯中科
002734,利民股份
301209,联合化学
688008,澜起科技
605080,浙江自然
300160,秀强股份
002206,海 利 得
688221,前沿生物-U
300655,晶瑞电材
600847,万里股份
603828,ST柯利达
002816,*ST和科
430017,星昊医药
600810,神马股份
300224,正海磁材
688213,思特威-W
605399,晨光新材
831961,创远信科
002742,*ST三圣
920799,艾融软件
300772,运达股份
301357,北方长龙
601628,中国人寿
837174,宏裕包材
300128,锦富技术
000630,铜陵有色
300551,古鳌科技
300561,*ST汇科
002377,国创高新
300444,双杰电气
600206,有研新材
001223,欧克科技
301555,惠柏新材
873665,科强股份
301601,惠通科技
300638,广和通
300578,会畅通讯
300516,久之洋
603617,君禾股份
603980,吉华集团
603995,甬金股份
002685,华东重机
600980,北矿科技
603367,辰欣药业
002437,誉衡药业
605003,众望布艺
688195,腾景科技
002115,三维通信
832786,骑士乳业
920088,科力股份
603072,天和磁材
688638,誉辰智能
600165,ST宁科
688196,卓越新能
603033,三维股份
600023,XD浙能电
300757,罗博特科
688536,思瑞浦
002541,鸿路钢构
603217,元利科技
300651,金陵体育
001317,三羊马
301259,艾布鲁
301137,哈焊华通
603167,渤海轮渡
002177,御银股份
830896,旺成科技
830839,万通液压
871981,晶赛科技
688416,恒烁股份
300801,泰和科技
601212,白银有色
688557,兰剑智能
833943,优机股份
300410,正业科技
833751,惠同新材
002938,鹏鼎控股
301051,信濠光电
833030,立方控股
300695,兆丰股份
603893,瑞芯微
605099,共创草坪
870299,灿能电力
688691,灿芯股份
000603,盛达资源
603336,宏辉果蔬
300452,山河药辅
603950,长源东谷
920167,同享科技
002849,威星智能
301196,唯科科技
837212,智新电子
301607,富特科技
838227,美登科技
600844,丹化科技
688623,双元科技
600547,山东黄金
832175,东方碳素
600673,东阳光
688169,石头科技
002463,沪电股份
688197,首药控股-U
430564,天润科技
833346,威贸电子
688302,海创药业-U
605088,冠盛股份
301396,宏景科技
430047,诺思兰德
831175,派诺科技
603928,兴业股份
600490,鹏欣资源
300054,鼎龙股份
001358,兴欣新材
300243,瑞丰高材
300457,赢合科技
603948,建业股份
603260,合盛硅业
003002,壶化股份
833075,柏星龙
002588,史丹利
300477,ST合纵
301292,海科新源
688096,京源环保
920108,宏海科技
603810,丰山集团
603300,海南华铁
603130,云中马
300246,宝莱特
688601,力芯微
603693,江苏新能
002729,好利科技
002314,南山控股
300301,*ST长方
002973,侨银股份
301662,宏工科技
002171,楚江新材
831832,科达自控
002093,国脉科技
871857,泓禧科技
002119,康强电子
002829,星网宇达
300460,惠伦晶体
835179,凯德石英
688523,航天环宇
300433,蓝思科技
300125,*ST聆达
300019,硅宝科技
688520,神州细胞
300501,海顺新材
300437,清水源
600366,宁波韵升
300040,九洲集团
002114,罗平锌电
688371,菲沃泰
300858,科拓生物
300100,双林股份
300689,澄天伟业
301188,力诺药包
300152,ST新动力
832885,星辰科技
870436,大地电气
300855,图南股份
603333,尚纬股份
688287,*ST观典
688679,通源环境
834415,恒拓开源
002822,ST中装
002311,海大集团
688392,骄成超声
605020,永和股份
600259,广晟有色
300803,指南针
600301,华锡有色
300476,胜宏科技
600884,杉杉股份
600831,ST广网
300321,同大股份
603065,宿迁联盛
300925,法本信息
600489,中金黄金
603686,福龙马
003036,泰坦股份
605589,圣泉集团
605189,富春染织
603032,德新科技
300056,中创环保
300589,江龙船艇
688498,源杰科技
301338,凯格精机
688141,杰华特
000670,盈方微
603207,小方制药
300189,神农种业
688011,新光光电
002658,雪迪龙
603296,华勤技术
300670,大烨智能
833284,灵鸽科技
603978,深圳新星
300657,弘信电子
300730,科创信息
001207,联科科技
871634,新威凌
300546,雄帝科技
688331,荣昌生物
002076,*ST星光
603988,中电电机
000572,海马汽车
300043,星辉娱乐
600798,宁波海运
834058,华洋赛车
688300,联瑞新材
688655,迅捷兴
002317,众生药业
002900,哈三联
837344,三元基因
601908,京运通
300368,汇金股份
688630,芯碁微装
300475,香农芯创
003003,天元股份
301125,腾亚精工
603275,众辰科技
872374,云里物里
300748,金力永磁
873570,坤博精工
300993,玉马科技
301533,威马农机
300245,天玑科技
833171,国航远洋
603002,宏昌电子
688786,悦安新材
920037,广信科技
300436,广生堂
300961,深水海纳
300881,盛德鑫泰
300665,飞鹿股份
603969,银龙股份
300345,华民股份
300645,正元智慧
002819,东方中科
688333,铂力特
688603,天承科技
301132,满坤科技
834475,三友科技
300943,春晖智控
835207,众诚科技
600418,江淮汽车
300753,爱朋医疗
001390,古麒绒材
300069,金利华电
300293,蓝英装备
430300,辰光医疗
300700,岱勒新材
300300,ST峡创
600595,中孚实业
688199,久日新材
002210,飞马国际
301622,英思特
603306,华懋科技
920082,方正阀门
872392,佳合科技
002820,桂发祥
301089,拓新药业
301129,瑞纳智能
831526,凯华材料
300752,隆利科技
601133,柏诚股份
688208,道通科技
300531,优博讯
002197,ST证通
301263,泰恩康
600531,豫光金铅
600375,汉马科技
300547,川环科技
002969,嘉美包装
001298,好上好
603843,*ST正平
300324,旋极信息
688102,斯瑞新材
873001,纬达光电
600751,海航科技
837821,则成电子
600287,ST舜天
301311,昆船智能
833914,远航精密
300971,博亚精工
300386,飞天诚信
688386,泛亚微透
601020,华钰矿业
002228,合兴包装
301577,美信科技
300587,天铁科技
300044,ST赛为
300663,科蓝软件
300153,科泰电源
430425,乐创技术
300465,高伟达
600589,大位科技
002871,伟隆股份
300505,川金诺
000953,河化股份
301127,武汉天源
001359,平安电工
603200,上海洗霸
601956,东贝集团
300225,*ST金泰
601168,西部矿业
300402,宝色股份
688117,圣诺生物
688372,伟测科技
603063,禾望电气
688019,安集科技
002612,朗姿股份
688200,华峰测控
300003,乐普医疗
002173,创新医疗
870357,雅葆轩
002882,金龙羽
831167,鑫汇科
002005,ST德豪
835508,殷图网联
300606,金太阳
300810,中科海讯
300333,兆日科技
600961,株冶集团
002213,大为股份
688636,智明达
300016,北陆药业
002015,协鑫能科
301355,南王科技
300804,广康生化
603823,百合花
301063,海锅股份
837748,路桥信息
300127,银河磁体
872351,华光源海
603955,大千生态
300963,中洲特材
300554,三超新材
300030,阳普医疗
837592,华信永道
688077,大地熊
300998,宁波方正
002436,兴森科技
832876,慧为智能
300328,宜安科技
600160,巨化股份
300313,*ST天山
603124,江南新材
603379,三美股份
831689,克莱特
300872,天阳科技
300682,朗新集团
000530,冰山冷热
831641,格利尔
601218,吉鑫科技
835184,国源科技
000070,特发信息
600876,凯盛新能
600193,*ST创兴
600281,华阳新材
600793,宜宾纸业
301511,德福科技
601899,紫金矿业
870199,倍益康
300600,国瑞科技
300609,汇纳科技
300947,德必集团
600521,华海药业
301141,中科磁业
839790,联迪信息
002579,中京电子
836961,西磁科技
603982,泉峰汽车
688353,华盛锂电
838971,天马新材
002581,ST未名
688203,海正生材
600110,诺德股份
000627,*ST天茂
603388,*ST元成
603212,赛伍技术
300340,科恒股份
301205,联特科技
301312,智立方
839719,宁新新材
600513,联环药业
301024,霍普股份
838163,方大新材
836807,奔朗新材
430476,海能技术
300847,中船汉光
688183,生益电子
688291,金橙子
603993,洛阳钼业
688165,埃夫特-U
301306,西测测试
301678,新恒汇
003019,宸展光电
001212,中旗新材
688311,盟升电子
603316,诚邦股份
688521,芯原股份
002141,贤丰控股
600250,南京商旅
603836,海程邦达
688159,有方科技
430090,同辉信息
688700,东威科技
873305,九菱科技
688729,C屹唐
002629,仁智股份
002992,宝明科技
300280,*ST紫天
839680,*ST广道
835305,*ST云创
833994,翰博高新
833874,泰祥股份
832317,观典防务
688555,退市泽达
688086,退市紫晶
605389,长龄液压
605008,长鸿高科
603996,退市中新
603963,*ST大药
603758,秦安股份
603603,退市博天
603555,ST贵人
603377,ST东时
603262,技源集团
603157,退市拉夏
603133,退市碳元
603003,退市龙宇
601558,退市锐电
601299,中国北车
601268,*ST二重
601258,*ST庞大
601028,玉龙股份
600991,广汽长丰
600978,*ST宜生
600930,华电新能
600899,*ST信联
600898,*ST美讯
600896,退市海医
600891,退市秋林
600890,退市中房
600878,*ST北科
600870,退市厦华
600856,退市中天
600852,*ST中川
600849,上药转换
600842,中西药业
600840,新湖创业
600837,海通证券
600836,*ST易连
600832,东方明珠
600823,*ST世茂
600813,ST鞍一工
600811,*ST东方
600806,退市昆机
600804,退市鹏博
600799,*ST龙科
600788,*ST达曼
600786,东方锅炉
600781,退市辅仁
600772,S*ST龙昌
600767,退市运盛
600766,退市园城
600762,S*ST金荔
600752,*ST哈慈
600747,退市大控
600723,首商股份
600709,ST生态
600705,中航产融
600701,退市工新
600700,*ST数码
600695,退市绿庭
600687,退市刚泰
600680,*ST上普
600677,*ST航通
600672,*ST华圣
600670,*ST斯达
600669,*ST鞍成
600659,*ST花雕
600656,退市博元
600652,退市游久
600647,退市同达
600646,ST国嘉
600634,退市富控
600632,华联商厦
600631,百联股份
600627,上电股份
600625,PT水仙
600614,退市鹏起
600607,上实医药
600591,*ST上航
600565,ST迪马
600555,退市海创
600553,太行水泥
600532,退市未来
600485,*ST信威
600472,包头铝业
600466,*ST蓝光
600432,退市吉恩
600401,退市海润
600393,ST粤泰
600387,退市海越
600385,退市金泰
600357,承德钒钛
600321,正源股份
600317,营口港
600311,*ST荣华
600306,退市商城
600297,广汇汽车
600296,S兰铝
600291,退市西水
600290,*ST华仪
600286,S*ST国瓷
600277,ST亿利
600275,退市昌鱼
600270,外运发展
600263,路桥建设
600260,*ST凯乐
600253,天方药业
600247,*ST成城
600242,退市中昌
600240,退市华业
600225,退市卓朗
600220,ST阳光
600213,*ST亚星
600209,退市罗顿
600205,S山东铝
600181,S*ST云大
600175,退市美都
600146,退市环球
600145,退市新亿
600139,*ST西源
600122,*ST宏图
600112,*ST天成
600102,莱钢股份
600093,退市易见
600092,S*ST精密
600091,退市明科
600090,退市济堂
600087,退市长油
600086,退市金钰
600083,*ST博信
600077,*ST宋都
600074,退市保千
600070,*ST富润
600069,退市银鸽
600068,葛洲坝
600065,*ST联谊
600005,武钢股份
600003,ST东北高
600002,齐鲁石化
600001,邯郸钢铁
301630,同宇新材
301609,山大电力
301505,苏州规划
300950,德固特
300799,左江退
300742,越博退
300630,普利退
300526,中潜退
300495,*ST美尚
300431,暴风退
300392,腾信退
300372,欣泰退
300367,网力退
300362,天翔退
300356,光一退
300336,新文退
300330,计通退
300325,德威退
300312,邦讯退
300309,吉艾退
300297,蓝盾退
300282,三盛退
300273,和佳退
300262,*ST巴安
300216,千山退
300202,聚龙退
300186,大华农
300178,腾邦退
300156,神雾退
300117,*ST嘉寓
300116,*ST保力
300108,*ST吉药
300104,乐视退
300090,盛运退
300089,文化退
300064,金刚退
300038,数知退
300028,金亚退
300023,宝德退
002781,奇信退
002776,*ST柏龙
002770,科迪退
002765,蓝黛科技
002751,易尚退
002750,龙津退
002740,*ST爱迪
002711,欧浦退
002699,*ST美盛
002684,猛狮退
002680,长生退
002665,ST航高
002621,*ST美吉
002619,*ST艾格
002618,丹邦退
002610,ST爱康
002604,龙力退
002509,天茂退
002505,鹏都农牧
002504,*ST弘高
002503,*ST搜特
002502,ST鼎龙
002499,科林退
002477,雏鹰退
002473,圣莱退
002464,众应退
002450,康得退
002447,晨鑫退
002435,ST长康
002433,太安退
002417,深南退
002411,必康退
002359,北讯退
002341,ST新纶
002336,人乐退
002325,*ST洪涛
002308,*ST威创
002288,*ST超华
002280,ST联络
002260,德奥退
002220,天宝退
002147,新光退
002143,印纪退
002118,*ST紫鑫
002113,*ST天润
002089,新海退
002087,新纺退
002071,长城退
002070,众和退
002018,华信退
002013,中航机电
002002,ST鸿达
000996,中期退
000982,中银绒业
000979,中弘退
000976,*ST华铁
000971,*ST高升
000961,ST中南
000956,中原油气
000939,凯迪退
000918,*ST嘉凯
000916,华北高速
000903,云内动力
000866,扬子石化
000861,海印股份
000836,ST富通
000835,长动退
000832,*ST龙涤
000827,*ST长兴
000817,辽河油田
000806,银河退
000805,*ST炎黄
000787,*ST创智
000780,ST平能
000769,*ST大菲
000765,*ST华信
000763,锦州石化
000760,斯太退
000748,长城信息
000732,ST泰禾
000730,*ST环保
000699,S*ST佳纸
000693,华泽退
000689,ST宏业
000687,华讯退
000675,ST银山
000673,当代退
000671,ST阳光城
000667,ST美置
000666,经纬纺机
000662,天夏退
000660,*ST南华
000658,ST海洋
000653,ST九州
000621,*ST比特
000618,吉林化工
000616,*ST海投
000613,东海A退
000611,天首退
000606,顺利退
000602,金马集团
000594,国恒退
000588,PT粤金曼
000587,*ST金洲
000585,东电退
000583,S*ST托普
000578,盐湖集团
000569,长城股份
000562,宏源证券
000556,PT南洋
000549,S湘火炬
000545,金浦钛业
000542,TCL通讯
000540,*ST中天
000535,*ST猴王
000527,美的电器
000522,白云山A
000515,攀渝钛业
000511,烯碳退
000508,琼民源A
000502,绿景退
000418,小天鹅A
000416,*ST民控
000413,ST旭电
000412,ST五环
000406,石油大明
000405,ST鑫光
000150,*ST宜康
000047,ST中侨
000046,*ST泛海
000040,*ST旭蓝
000038,大通退
000033,新都退
000024,招商地产
000023,*ST深天
000018,神城A退
000015,PT中浩A
000013,*ST石化A
000005,ST星源
000003,PT金田A
